"anio","codigo_canton","canton_original","canton","indice_competitividad","ranking_competitividad","categoria_competitividad","pilar_economico","pilar_empresarial","pilar_gobierno","pilar_laboral","pilar_infraestructura","pilar_innovacion","pilar_calidad_vida","femicidio_art_21","femicidio_otros_contextos","femicidio_ampliado","sospecha_femicidio","homicidios_mujeres_no_femicidio","homicidios_mujeres_sin_revision","homicidios_mujeres_pendientes","homicidios_indeterminado","femicidios_registrados","muertes_violentas_mujeres_total","matricula_estatal_total","matricula_mujeres","matricula_hombres","matricula_sexo_no_especificado","porcentaje_mujeres","porcentaje_hombres","matricula_primer_ingreso","matricula_no_primer_ingreso","universidad_predominante","cantidad_universidad_predominante","carrera_predominante","cantidad_carrera_predominante","cantidad_universidades_distintas","cantidad_carreras_distintas"
2022,101,"San José","SAN JOSE",66.3776814937592,3,"Alto",70.9840893745422,77.1132409572601,64.7325396537781,70.0600504875183,75.9011507034302,67.007315158844,38.8454020023346,0,2,0,0,1,0,0,0,2,3,5463,2842,2621,0,52.02,47.98,856,4607,"UNIVERSIDAD DE COSTA RICA",2738,"ADMINISTRACION DE EMPRESAS",472,5,434
2022,102,"Escazú","ESCAZU",70.4834580421448,2,"Alto",81.4141511917114,76.7623007297516,74.4266033172607,62.4220073223114,71.4280545711517,66.0794258117676,60.85165143013,0,0,0,0,0,0,0,0,0,0,1475,786,689,0,53.29,46.71,232,1243,"UNIVERSIDAD DE COSTA RICA",759,"ADMINISTRACION DE EMPRESAS",101,5,254
2022,103,"Desamparados","DESAMPARADOS",48.2376307249069,25,"Medio",33.5440933704376,35.3080064058304,27.0470499992371,73.4217345714569,71.7551946640015,46.3845163583755,50.2028167247772,0,0,0,0,1,0,0,0,0,1,3961,2273,1688,0,57.38,42.62,620,3341,"UNIVERSIDAD DE COSTA RICA",1724,"ADMINISTRACION DE EMPRESAS",425,5,330
2022,104,"Puriscal","PURISCAL",38.8099610805511,62,"Bajo",27.2435009479523,26.7040461301804,30.118003487587,63.4877324104309,38.4595572948456,31.4913362264633,54.1655421257019,0,0,0,0,0,0,0,0,0,0,1178,737,441,0,62.56,37.44,184,994,"UNIVERSIDAD ESTATAL A DISTANCIA",534,"ADMINISTRACION DE EMPRESAS",138,5,193
2022,105,"Tarrazú","TARRAZU",37.5351250171661,70,"Bajo",37.7722918987274,23.9966079592705,44.564813375473,34.3049764633179,39.982745051384,31.085017323494,51.0394275188446,0,0,0,0,0,0,0,0,0,0,659,415,244,0,62.97,37.03,103,556,"UNIVERSIDAD ESTATAL A DISTANCIA",277,"ADMINISTRACION DE EMPRESAS",66,5,164
2022,106,"Aserrí","ASERRI",37.3339980840683,71,"Bajo",20.7201108336449,25.7797449827194,25.3595352172852,58.3430290222168,49.7937738895416,41.2967532873154,40.0450438261032,0,0,0,0,0,0,0,0,0,0,1324,763,561,0,57.63,42.37,213,1111,"UNIVERSIDAD DE COSTA RICA",574,"ADMINISTRACION DE EMPRESAS",146,5,225
2022,107,"Mora","MORA",44.4149047136307,44,"Medio",45.1563447713852,33.9775651693344,38.7692123651505,57.000207901001,47.0156043767929,40.1239931583405,48.8614112138748,0,0,0,0,0,0,0,0,0,0,741,433,308,0,58.43,41.57,135,606,"UNIVERSIDAD ESTATAL A DISTANCIA",285,"ADMINISTRACION DE EMPRESAS",92,5,179
2022,108,"Goicoechea","GOICOECHEA",53.3523440361023,15,"Medio",44.5407718420029,45.1584130525589,34.4310998916626,73.8064885139465,77.8015732765198,54.3153047561646,43.4127599000931,0,0,0,0,1,0,0,0,0,1,2868,1462,1406,0,50.98,49.02,441,2427,"UNIVERSIDAD DE COSTA RICA",1527,"ADMINISTRACION DE EMPRESAS",252,5,316
2022,109,"Santa Ana","SANTA ANA",62.1520638465881,7,"Alto",74.7725009918213,55.6573867797852,57.9959332942963,51.6858994960785,71.7745959758759,66.7250394821167,56.4531028270721,0,0,0,0,0,0,0,0,0,0,1133,603,530,0,53.22,46.78,208,925,"UNIVERSIDAD DE COSTA RICA",605,"ADMINISTRACION DE EMPRESAS",82,5,238
2022,110,"Alajuelita","ALAJUELITA",40.8430188894272,57,"Medio",20.6569865345955,24.0858852863312,29.9508422613144,56.4691126346588,69.6627497673035,43.4675127267838,41.6080415248871,0,0,0,0,0,0,0,0,0,0,967,525,442,0,54.29,45.71,165,802,"UNIVERSIDAD DE COSTA RICA",367,"ADMINISTRACION DE EMPRESAS",123,5,203
2022,111,"Vázquez de Coronado","VAZQUEZ DE CORONADO",43.2108700275421,48,"Medio",27.6292651891708,30.4620981216431,28.4906476736069,58.6466193199158,71.6317653656006,43.2865530252457,42.3291325569153,0,0,0,0,0,0,0,0,0,0,1981,1069,912,0,53.96,46.04,279,1702,"UNIVERSIDAD DE COSTA RICA",1000,"ADMINISTRACION DE EMPRESAS",170,5,283
2022,112,"Acosta","ACOSTA",38.2969886064529,66,"Bajo",33.2407772541046,28.0255138874054,37.0537847280502,43.9841330051422,31.7682385444641,38.2900983095169,55.7163655757904,0,0,0,0,0,0,0,0,0,0,658,415,243,0,63.07,36.93,91,567,"UNIVERSIDAD ESTATAL A DISTANCIA",320,"ADMINISTRACION DE EMPRESAS",92,5,155
2022,113,"Tibás","TIBAS",56.7753434181213,11,"Medio",46.7636287212372,59.5792233943939,41.353714466095,53.8812220096588,81.4683973789215,61.6432070732117,52.7379989624023,0,1,0,0,0,0,0,0,1,1,1503,799,704,0,53.16,46.84,245,1258,"UNIVERSIDAD DE COSTA RICA",699,"ADMINISTRACION DE EMPRESAS",124,5,282
2022,114,"Moravia","MORAVIA",54.7408998012543,14,"Medio",49.3469953536987,42.3594444990158,32.9311639070511,68.6667203903198,75.8847594261169,55.679976940155,58.3172559738159,0,0,0,0,0,0,0,0,0,0,1820,986,834,0,54.18,45.82,299,1521,"UNIVERSIDAD DE COSTA RICA",956,"ADMINISTRACION DE EMPRESAS",132,5,287
2022,115,"Montes de Oca","MONTES DE OCA",62.8738164901733,6,"Alto",61.7801666259766,59.8053753376007,38.5624378919601,66.7935371398926,82.4807167053223,68.8903570175171,61.8041396141052,0,0,0,0,0,0,0,0,0,0,2923,1530,1393,0,52.34,47.66,328,2595,"UNIVERSIDAD DE COSTA RICA",2106,"ADMINISTRACION DE EMPRESAS",145,5,364
2022,116,"Turrubares","TURRUBARES",29.510372877121,80,"Bajo",17.8656682372093,11.9178868830204,59.1305315494537,31.3952088356018,26.4990627765656,33.7615847587585,26.0026752948761,0,0,0,0,1,0,0,0,0,1,163,101,62,0,61.96,38.04,32,131,"UNIVERSIDAD ESTATAL A DISTANCIA",63,"ADMINISTRACION DE EMPRESAS",16,5,68
2022,117,"Dota","DOTA",42.4689114093781,54,"Medio",37.0603799819946,26.8284469842911,51.3154745101929,38.4118020534515,48.1405913829803,36.3823294639587,59.1433525085449,0,0,0,0,0,0,0,0,0,0,228,138,90,0,60.53,39.47,36,192,"UNIVERSIDAD ESTATAL A DISTANCIA",92,"ADMINISTRACION DE EMPRESAS",18,5,111
2022,118,"Curridabat","CURRIDABAT",63.4228765964508,4,"Alto",65.9966826438904,58.8902950286865,53.942346572876,62.9775047302246,78.5949766635895,72.1773028373718,51.3810396194458,0,0,0,0,0,0,0,0,0,0,2020,1017,1003,0,50.35,49.65,305,1715,"UNIVERSIDAD DE COSTA RICA",1196,"ADMINISTRACION DE EMPRESAS",158,5,293
2022,119,"Pérez Zeledón","PEREZ ZELEDON",42.8610503673553,50,"Medio",34.9120527505875,30.1978528499603,30.9378355741501,69.0149903297424,49.4598031044006,35.4501128196716,50.0546991825104,0,0,0,0,0,0,0,0,0,0,5032,2829,2203,0,56.22,43.78,854,4178,"UNIVERSIDAD ESTATAL A DISTANCIA",1866,"ADMINISTRACION DE EMPRESAS",289,5,272
2022,120,"León Cortés","LEON CORTES",31.8179845809937,76,"Bajo",12.2761659324169,1.86427962034941,41.4381146430969,35.5924844741821,37.1464669704437,36.3551467657089,58.0532431602478,0,0,0,0,0,0,0,0,0,0,492,311,181,0,63.21,36.79,66,426,"UNIVERSIDAD ESTATAL A DISTANCIA",250,"ADMINISTRACION DE EMPRESAS",51,5,132
2022,201,"Alajuela","ALAJUELA",60.6629371643066,10,"Alto",67.9325819015503,49.638369679451,38.830977678299,77.6017487049103,65.6346201896667,82.1772575378418,42.8249835968018,1,0,0,0,1,0,0,0,1,2,8401,4534,3867,0,53.97,46.03,1808,6593,"UNIVERSIDAD TECNICA NACIONAL",3319,"ADMINISTRACION DE EMPRESAS",558,5,362
2022,202,"San Ramón","SAN RAMON",45.0144797563553,42,"Medio",36.4322364330292,32.6148688793182,31.497922539711,65.5577301979065,52.2149920463562,46.7887103557587,49.9949067831039,0,1,0,0,0,0,0,0,1,1,3655,2113,1542,0,57.81,42.19,583,3072,"UNIVERSIDAD DE COSTA RICA",1719,"ADMINISTRACION DE EMPRESAS",229,5,283
2022,203,"Grecia","GRECIA",49.2346882820129,20,"Medio",51.1404037475586,33.1924229860306,35.2024108171463,60.8297288417816,57.7137529850006,58.7406039237976,47.8234946727753,0,0,0,0,0,0,0,0,0,0,2264,1197,1067,0,52.87,47.13,384,1880,"UNIVERSIDAD DE COSTA RICA",1075,"INFORMATICA EMPRESARIAL",99,5,253
2022,204,"San Mateo","SAN MATEO",42.5414383411407,52,"Medio",33.0219358205795,19.7691813111305,60.4528665542603,57.4394822120667,37.7965927124023,30.9076577425003,58.4023535251617,0,0,0,0,0,0,0,0,0,0,202,124,78,0,61.39,38.61,37,165,"UNIVERSIDAD TECNICA NACIONAL",64,"ADMINISTRACION DE EMPRESAS",15,5,87
2022,205,"Atenas","ATENAS",48.241400718689,24,"Medio",42.510923743248,32.0579320192337,35.560530424118,62.3607039451599,54.3234288692474,56.4887344837189,54.3875515460968,0,0,0,0,0,0,0,0,0,0,951,524,427,0,55.1,44.9,177,774,"UNIVERSIDAD DE COSTA RICA",359,"CONTABILIDAD Y FINANZAS",73,5,192
2022,206,"Naranjo","NARANJO",47.2434520721436,31,"Medio",39.4890993833542,32.1583718061447,36.1250966787338,59.9830210208893,57.4699997901917,49.8638600111008,55.6147217750549,0,0,0,0,0,0,0,0,0,0,1557,876,681,0,56.26,43.74,280,1277,"UNIVERSIDAD DE COSTA RICA",542,"ADMINISTRACION DE EMPRESAS",84,5,225
2022,207,"Palmares","PALMARES",47.8675216436386,26,"Medio",43.6510890722275,38.9550447463989,30.879607796669,62.6151561737061,63.9808833599091,47.7208316326141,47.2700417041779,0,0,0,0,0,0,0,0,0,0,1482,805,677,0,54.32,45.68,242,1240,"UNIVERSIDAD DE COSTA RICA",656,"ADMINISTRACION DE EMPRESAS",102,5,222
2022,208,"Poás","POAS",46.0017144680023,34,"Medio",41.5347546339035,33.2928121089935,35.5728179216385,51.7762422561646,63.4683907032013,49.9665200710297,46.4004725217819,0,0,0,0,1,0,0,0,0,1,907,535,372,0,58.99,41.01,166,741,"UNIVERSIDAD DE COSTA RICA",297,"ADMINISTRACION DE EMPRESAS",49,5,180
2022,209,"Orotina","OROTINA",48.5423386096954,23,"Medio",60.8812093734741,37.032550573349,49.4093239307404,50.5350530147552,48.1908708810806,42.4955189228058,51.2518465518951,0,0,0,0,0,0,0,0,0,0,571,326,245,0,57.09,42.91,106,465,"UNIVERSIDAD DE COSTA RICA",177,"ADMINISTRACION DE EMPRESAS",33,5,144
2022,210,"San Carlos","SAN CARLOS",47.3449915647507,30,"Medio",42.4475699663162,36.7670208215714,33.7564319372177,65.8579885959625,53.0124306678772,45.8306699991226,53.7428259849548,0,1,0,0,1,0,0,0,1,2,5210,3073,2137,0,58.98,41.02,1033,4177,"UNIVERSIDAD ESTATAL A DISTANCIA",1339,"ADMINISTRACION DE EMPRESAS",388,5,269
2022,211,"Zarcero","ZARCERO",42.4694895744324,53,"Medio",29.9222081899643,25.5782008171082,42.5920069217682,42.7737832069397,48.3541905879974,54.9190640449524,53.1469643115997,0,0,0,0,0,0,0,0,0,0,496,304,192,0,61.29,38.71,110,386,"UNIVERSIDAD DE COSTA RICA",210,"ADMINISTRACION DE EMPRESAS",25,5,150
2022,212,"Sarchí","SARCHI",46.9549626111984,32,"Medio",41.9238060712814,27.7693897485733,46.4101761579514,46.6695815324783,64.3750727176666,54.1610479354858,47.3756581544876,0,0,0,0,0,0,0,0,0,0,555,288,267,0,51.89,48.11,92,463,"UNIVERSIDAD DE COSTA RICA",220,"ADMINISTRACION DE EMPRESAS",28,5,143
2022,213,"Upala","UPALA",34.818959236145,73,"Bajo",30.1395386457443,25.2000451087952,35.1948648691177,37.9521101713181,38.9134854078293,30.3590893745422,45.9735810756683,0,0,0,0,0,0,0,0,0,0,1717,1145,572,0,66.69,33.31,303,1414,"UNIVERSIDAD ESTATAL A DISTANCIA",891,"EDUCACION GENERAL BASICA I Y II CICLOS",217,5,165
2022,214,"Los Chiles","LOS CHILES",31.7027777433395,78,"Bajo",25.0835001468658,25.8205980062485,33.9856147766113,33.5204273462296,33.9090019464493,29.5386046171188,40.0616943836212,0,0,0,0,0,0,0,0,0,0,683,459,224,0,67.2,32.8,137,546,"UNIVERSIDAD ESTATAL A DISTANCIA",281,"ADMINISTRACION DE EMPRESAS",59,5,116
2022,215,"Guatuso","GUATUSO",30.4076224565506,79,"Bajo",17.4426272511482,23.4630972146988,41.2121534347534,23.0164498090744,33.8715672492981,19.3079739809036,54.5394957065582,0,0,0,0,0,0,0,0,0,0,481,318,163,0,66.11,33.89,93,388,"UNIVERSIDAD ESTATAL A DISTANCIA",163,"EDUCACION RURAL I Y II CICLOS",46,5,111
2022,301,"Cartago","CARTAGO",61.4099979400635,8,"Alto",68.7092244625092,39.6020084619522,44.2431747913361,73.6790835857391,66.1203503608704,86.5328431129456,50.9833216667175,0,0,0,0,1,0,0,0,0,1,4753,2425,2328,0,51.02,48.98,815,3938,"UNIVERSIDAD DE COSTA RICA",1821,"ADMINISTRACION DE EMPRESAS",475,5,338
2022,302,"Paraíso","PARAISO",50.4899680614471,17,"Medio",46.369856595993,35.2364033460617,40.8731579780579,59.3253135681152,59.0328276157379,49.276140332222,63.3160889148712,0,0,0,0,0,0,0,0,0,0,1541,802,739,0,52.04,47.96,253,1288,"UNIVERSIDAD DE COSTA RICA",676,"ADMINISTRACION DE EMPRESAS",142,5,238
2022,303,"La Unión","LA UNION",52.2374331951141,16,"Medio",53.9400517940521,37.8882348537445,36.5761280059814,58.7654888629913,72.3906576633453,56.5519332885742,49.5495289564133,0,0,0,0,0,0,0,0,0,0,2610,1363,1247,0,52.22,47.78,462,2148,"UNIVERSIDAD DE COSTA RICA",1363,"ADMINISTRACION DE EMPRESAS",251,5,316
2022,304,"Jiménez","JIMENEZ",37.7566307783127,68,"Bajo",25.8971929550171,20.2797755599022,44.4982647895813,39.9608612060547,44.3752706050873,34.15167927742,55.1333785057068,1,0,0,0,0,0,0,0,1,1,550,331,219,0,60.18,39.82,89,461,"UNIVERSIDAD DE COSTA RICA",280,"ADMINISTRACION DE EMPRESAS",40,5,147
2022,305,"Turrialba","TURRIALBA",38.3679151535034,65,"Bajo",32.7947050333023,29.3212622404099,34.6765220165253,60.988312959671,40.0377541780472,16.709853708744,54.0469884872437,0,0,0,0,0,0,0,0,0,0,2798,1494,1304,0,53.4,46.6,475,2323,"UNIVERSIDAD DE COSTA RICA",1305,"ADMINISTRACION DE EMPRESAS",187,5,256
2022,306,"Alvarado","ALVARADO",42.2856330871582,55,"Medio",39.0623152256012,25.3481656312943,41.1054790019989,45.2496826648712,44.7300642728806,47.8831261396408,52.6205956935883,0,0,0,0,0,0,0,0,0,0,376,218,158,0,57.98,42.02,72,304,"UNIVERSIDAD DE COSTA RICA",175,"ADMINISTRACION DE EMPRESAS",31,5,136
2022,307,"Oreamuno","OREAMUNO",45.5850124359131,37,"Medio",41.4823591709137,30.7478576898575,32.6220870018005,47.9296416044235,60.5241119861603,54.2672991752625,51.5217244625092,0,0,0,0,0,0,0,0,0,0,1285,637,648,0,49.57,50.43,209,1076,"UNIVERSIDAD DE COSTA RICA",544,"ADMINISTRACION DE EMPRESAS",118,5,209
2022,308,"El Guarco","EL GUARCO",48.9002257585526,21,"Medio",49.7706890106201,39.0131741762161,30.3905665874481,56.0876071453094,56.7739009857178,62.8547132015228,47.410923242569,0,0,0,0,0,0,0,0,0,0,1309,693,616,0,52.94,47.06,221,1088,"UNIVERSIDAD DE COSTA RICA",525,"ADMINISTRACION DE EMPRESAS",134,5,214
2022,401,"Heredia","HEREDIA",63.360869884491,5,"Alto",66.090977191925,48.5112011432648,43.2343274354935,70.2026307582855,78.8369953632355,74.7685372829437,61.8813991546631,2,0,1,0,0,0,0,0,2,3,3779,2039,1740,0,53.96,46.04,613,3166,"UNIVERSIDAD NACIONAL",1326,"ADMINISTRACION DE EMPRESAS",239,5,357
2022,402,"Barva","BARVA",49.7379660606384,18,"Medio",45.2364265918732,37.4367773532867,35.405370593071,56.904274225235,77.8632342815399,44.6952849626541,50.6243944168091,0,0,0,0,0,0,0,0,0,0,1368,730,638,0,53.36,46.64,229,1139,"UNIVERSIDAD NACIONAL",554,"ADMINISTRACION",93,5,252
2022,403,"Santo Domingo","SANTO DOMINGO",61.1080765724182,9,"Alto",64.7736608982086,57.5837254524231,42.4388319253922,68.6229526996613,71.5142607688904,71.1676836013794,51.6554415225983,0,0,0,0,1,0,0,0,0,1,1307,663,644,0,50.73,49.27,208,1099,"UNIVERSIDAD DE COSTA RICA",551,"ADMINISTRACION DE EMPRESAS",77,5,252
2022,404,"Santa Bárbara","SANTA BARBARA",44.4040954113007,45,"Medio",36.7468953132629,34.8661929368973,28.4624755382538,55.3865492343903,67.4992084503174,33.0328166484833,54.834520816803,0,0,0,0,0,0,0,0,0,0,974,547,427,0,56.16,43.84,194,780,"UNIVERSIDAD NACIONAL",303,"ADMINISTRACION DE EMPRESAS",64,5,202
2022,405,"San Rafael","SAN RAFAEL",45.8882123231888,35,"Medio",38.8824075460434,28.1952947378159,34.8715901374817,55.3475797176361,74.2717623710632,41.7605489492416,47.8882998228073,1,0,0,0,0,0,0,0,1,1,1611,882,729,0,54.75,45.25,300,1311,"UNIVERSIDAD NACIONAL",707,"ADMINISTRACION",107,5,258
2022,406,"San Isidro","SAN ISIDRO",49.3671268224716,19,"Medio",48.2176303863525,38.5009348392487,38.3421450853348,51.4316618442535,62.7845227718353,48.7631410360336,57.5298428535461,0,0,0,0,1,0,0,0,0,1,748,397,351,0,53.07,46.93,161,587,"UNIVERSIDAD DE COSTA RICA",280,"ADMINISTRACION",45,5,180
2022,407,"Belén","BELEN",71.0773110389709,1,"Alto",94.4620490074158,73.7289190292358,60.280054807663,71.2268173694611,75.1559317111969,70.7492768764496,51.9381105899811,0,0,0,0,0,0,0,0,0,0,669,316,353,0,47.23,52.77,106,563,"UNIVERSIDAD DE COSTA RICA",285,"ADMINISTRACION DE EMPRESAS",29,5,185
2022,408,"Flores","FLORES",55.2701354026794,13,"Medio",64.8645758628845,45.2213525772095,37.47718334198,52.6928722858429,77.3379802703857,63.2292568683624,46.0677415132523,0,0,0,0,0,0,0,0,0,0,677,358,319,0,52.88,47.12,101,576,"UNIVERSIDAD DE COSTA RICA",262,"ADMINISTRACION",38,5,198
2022,409,"San Pablo","SAN PABLO",55.5289506912231,12,"Medio",61.9047880172729,41.7593896389008,44.5940732955933,49.3260502815247,85.2634370326996,48.7107872962952,57.1441471576691,0,0,0,0,0,0,0,0,0,0,967,497,470,0,51.4,48.6,146,821,"UNIVERSIDAD NACIONAL",374,"ADMINISTRACION",74,5,211
2022,410,"Sarapiquí","SARAPIQUI",37.8368228673935,67,"Bajo",26.3797760009766,30.1936209201813,32.8301995992661,50.7163047790527,35.6380790472031,38.0090147256851,51.0907649993896,0,0,0,0,0,0,0,0,0,0,1621,1002,619,0,61.81,38.19,351,1270,"UNIVERSIDAD NACIONAL",520,"ADMINISTRACION",117,5,173
2022,501,"Liberia","LIBERIA",47.4423259496689,29,"Medio",52.9891133308411,31.1562716960907,42.7110135555267,72.2224116325378,52.5522530078888,43.1910663843155,37.2741430997849,0,0,0,1,1,0,0,0,0,2,2260,1226,1034,0,54.25,45.75,461,1799,"UNIVERSIDAD DE COSTA RICA",759,"ADMINISTRACION",144,5,222
2022,502,"Nicoya","NICOYA",43.4042423963547,47,"Medio",40.2811169624329,28.9187371730804,43.4430867433548,68.0278241634369,44.0504997968674,27.0827889442444,52.0256400108337,0,1,0,0,1,0,0,0,1,2,1392,815,577,0,58.55,41.45,290,1102,"UNIVERSIDAD NACIONAL",539,"ADMINISTRACION",165,5,180
2022,503,"Santa Cruz","SANTA CRUZ",45.3060477972031,39,"Medio",44.8783665895462,31.477689743042,53.6464512348175,69.046288728714,45.0852483510971,27.2907286882401,45.7175612449646,1,0,0,0,1,0,0,0,1,2,1231,719,512,0,58.41,41.59,240,991,"UNIVERSIDAD NACIONAL",389,"ADMINISTRACION",85,5,171
2022,504,"Bagaces","BAGACES",42.641693353653,51,"Medio",30.6567549705505,27.2482097148895,41.1695629358292,50.1440763473511,39.6496832370758,60.088324546814,49.5352447032928,0,0,0,0,0,0,0,0,0,0,711,423,288,0,59.49,40.51,148,563,"UNIVERSIDAD DE COSTA RICA",224,"ADMINISTRACION DE EMPRESAS",31,5,138
2022,505,"Carrillo","CARRILLO",48.6654788255692,22,"Medio",59.2346906661987,28.3427029848099,48.466819524765,60.4698181152344,57.1295976638794,43.3416932821274,43.6730355024338,0,0,0,0,0,0,0,0,0,0,725,409,316,0,56.41,43.59,128,597,"UNIVERSIDAD DE COSTA RICA",244,"ADMINISTRACION",71,5,118
2022,506,"Cañas","CANAS",45.4104542732239,38,"Medio",43.2044953107834,29.6444088220596,41.3722485303879,52.5922000408173,51.5591979026794,51.7530560493469,47.7475762367249,0,0,0,0,0,0,0,0,0,0,963,549,414,0,57.01,42.99,193,770,"UNIVERSIDAD TECNICA NACIONAL",444,"INGENIERIA TECNOLOGIAS DE INFORMACION",75,5,146
2022,507,"Abangares","ABANGARES",47.6222008466721,27,"Medio",57.6688170433044,27.2611171007156,54.7352850437164,35.4392677545547,43.680477142334,59.4285249710083,55.1419079303741,0,0,0,0,0,0,0,0,0,0,458,290,168,0,63.32,36.68,91,367,"UNIVERSIDAD TECNICA NACIONAL",144,"ADMINISTRACION DE EMPRESAS",29,5,117
2022,508,"Tilarán","TILARAN",43.681213259697,46,"Medio",34.0633928775787,23.6215949058533,45.0449109077454,43.3003962039948,53.6280810832977,45.7333832979202,60.3767335414886,1,0,0,0,0,0,0,0,1,1,820,491,329,0,59.88,40.12,193,627,"UNIVERSIDAD TECNICA NACIONAL",240,"INGENIERIA TECNOLOGIAS DE INFORMACION",43,5,165
2022,509,"Nandayure","NANDAYURE",45.5989569425583,36,"Medio",45.9046423435211,31.7891091108322,47.9171007871628,43.7592595815659,36.196956038475,47.4676311016083,66.1580085754395,0,0,0,0,0,0,0,0,0,0,354,212,142,0,59.89,40.11,73,281,"UNIVERSIDAD NACIONAL",114,"ADMINISTRACION",27,5,110
2022,510,"La Cruz","LA CRUZ",39.4132822751999,60,"Bajo",37.3393923044205,30.7179123163223,52.3419559001923,45.6177085638046,33.2601100206375,27.6019811630249,49.0139067173004,0,0,0,0,0,0,0,0,0,0,657,433,224,0,65.91,34.09,134,523,"UNIVERSIDAD ESTATAL A DISTANCIA",246,"ADMINISTRACION DE EMPRESAS",56,5,102
2022,511,"Hojancha","HOJANCHA",44.4564014673233,43,"Medio",34.375262260437,25.5350947380066,56.1907291412354,49.1483420133591,42.1025782823563,52.5279581546783,51.3148427009583,0,0,0,0,0,0,0,0,0,0,264,155,109,0,58.71,41.29,42,222,"UNIVERSIDAD NACIONAL",96,"ADMINISTRACION",27,5,93
2022,601,"Puntarenas","PUNTARENAS",45.2043175697327,40,"Medio",44.2209422588348,28.5168081521988,37.4831467866898,72.4765717983246,45.726478099823,38.7141317129135,49.2921441793442,0,0,0,0,2,0,0,0,0,2,3026,1689,1337,0,55.82,44.18,642,2384,"UNIVERSIDAD TECNICA NACIONAL",1228,"GESTION Y ADMINISTRACION EMPRESARIAL",156,5,231
2022,602,"Esparza","ESPARZA",47.6056814193726,28,"Medio",47.4239766597748,34.0107530355453,46.3691592216492,56.2828242778778,49.2391109466553,50.7410645484924,49.1728901863098,0,0,1,0,1,0,0,0,0,2,1331,736,595,0,55.3,44.7,290,1041,"UNIVERSIDAD TECNICA NACIONAL",479,"INGENIERIA PRODUCCION INDUSTRIAL",62,5,184
2022,603,"Buenos Aires","BUENOS AIRES",31.7322462797165,77,"Bajo",21.989831328392,25.9688228368759,40.7991498708725,40.3452485799789,37.8951519727707,12.1963158249855,42.9311990737915,0,0,0,0,0,0,0,0,0,0,1498,938,560,0,62.62,37.38,264,1234,"UNIVERSIDAD ESTATAL A DISTANCIA",725,"EDUCACION GENERAL BASICA I Y II CICLOS",154,5,193
2022,604,"Montes de Oro","MONTES DE ORO",40.4642939567566,58,"Medio",39.5538479089737,27.365905046463,48.0857312679291,46.3632225990295,44.6466624736786,32.695010304451,44.539675116539,1,0,0,0,0,0,0,0,1,1,527,287,240,0,54.46,45.54,115,412,"UNIVERSIDAD TECNICA NACIONAL",167,"EDUCACION GENERAL BASICA I Y II CICLOS",28,5,125
2022,605,"Osa","OSA",41.3196206092834,56,"Medio",41.5108442306519,27.6397466659546,50.3778100013733,54.3916165828705,37.011981010437,20.1342567801476,58.1710815429688,0,0,0,0,0,0,0,0,0,0,500,323,177,0,64.6,35.4,120,380,"UNIVERSIDAD ESTATAL A DISTANCIA",215,"ADMINISTRACION DE EMPRESAS",51,5,122
2022,606,"Quepos","QUEPOS",45.0906038284302,41,"Medio",51.5631675720215,31.3855022192001,49.9542772769928,58.4431767463684,40.708726644516,38.7319594621658,44.8474258184433,0,0,0,0,0,0,0,0,0,0,401,242,159,0,60.35,39.65,79,322,"UNIVERSIDAD ESTATAL A DISTANCIA",202,"ADMINISTRACION DE EMPRESAS",54,5,124
2022,607,"Golfito","GOLFITO",37.6272082328796,69,"Bajo",25.2500087022781,25.4248023033142,39.8133009672165,52.0486772060394,56.6464185714722,15.0202915072441,49.1869479417801,0,1,0,0,0,0,0,0,1,1,815,490,325,0,60.12,39.88,162,653,"UNIVERSIDAD ESTATAL A DISTANCIA",289,"ADMINISTRACION DE EMPRESAS",51,5,142
2022,608,"Coto Brus","COTO BRUS",40.4603183269501,59,"Medio",28.4962475299835,27.2895365953445,39.3291354179382,47.0824509859085,53.5690724849701,31.0834318399429,56.3723623752594,0,0,0,0,0,0,0,0,0,0,1332,839,493,0,62.99,37.01,216,1116,"UNIVERSIDAD ESTATAL A DISTANCIA",524,"EDUCACION GENERAL BASICA I Y II CICLOS",122,5,184
2022,609,"Parrita","PARRITA",39.3965780735016,61,"Bajo",48.196280002594,28.3037602901459,55.0117671489716,48.1370449066162,40.3069317340851,9.84354317188263,45.9767282009125,0,0,0,0,0,0,0,0,0,0,214,137,77,0,64.02,35.98,40,174,"UNIVERSIDAD ESTATAL A DISTANCIA",92,"ADMINISTRACION DE EMPRESAS",21,5,95
2022,610,"Corredores","CORREDORES",34.7503483295441,74,"Bajo",34.9359512329102,27.0481199026108,33.7179213762283,50.5306959152222,52.38236784935,6.23545274138451,38.4019255638123,1,1,0,0,1,0,0,0,2,3,1214,748,466,0,61.61,38.39,258,956,"UNIVERSIDAD ESTATAL A DISTANCIA",471,"ADMINISTRACION",84,5,174
2022,611,"Garabito","GARABITO",46.3287055492401,33,"Medio",67.8507328033447,31.5188318490982,57.9515337944031,53.1139314174652,42.4659341573715,31.2317252159119,40.1682466268539,0,1,0,0,1,0,0,0,1,2,238,147,91,0,61.76,38.24,58,180,"UNIVERSIDAD DE COSTA RICA",88,"ADMINISTRACION DE EMPRESAS",19,5,97
2022,701,"Limón","LIMON",37.1063590049744,72,"Bajo",40.2113705873489,32.3352366685867,39.0700429677963,58.8147163391113,43.8148349523544,16.0176157951355,29.4806927442551,0,1,0,0,2,1,0,0,1,4,1683,962,721,0,57.16,42.84,300,1383,"UNIVERSIDAD DE COSTA RICA",720,"ADMINISTRACION DE EMPRESAS",184,5,194
2022,702,"Pococí","POCOCI",42.8951561450958,49,"Medio",40.5945152044296,34.929957985878,31.5430998802185,61.5871548652649,43.2649612426758,43.4388667345047,44.9075281620026,0,1,0,0,0,1,0,0,1,2,3265,1905,1360,0,58.35,41.65,647,2618,"UNIVERSIDAD ESTATAL A DISTANCIA",1163,"EDUCACION GENERAL BASICA I Y II CICLOS",230,5,247
2022,703,"Siquirres","SIQUIRRES",38.704851269722,63,"Bajo",37.8448277711868,35.9256148338318,27.5154381990433,54.4941782951355,42.0824944972992,27.2522121667862,45.8191931247711,0,1,0,0,0,0,0,0,1,1,1047,624,423,0,59.6,40.4,213,834,"UNIVERSIDAD DE COSTA RICA",453,"ADMINISTRACION DE EMPRESAS",80,5,174
2022,704,"Talamanca","TALAMANCA",29.4395744800568,81,"Bajo",21.1398258805275,19.3461254239082,45.2146291732788,48.3461141586304,29.3585330247879,1.07722235843539,41.5945798158646,2,0,0,0,0,0,0,0,2,2,703,426,277,0,60.6,39.4,148,555,"UNIVERSIDAD ESTATAL A DISTANCIA",319,"EDUCACION GENERAL BASICA I Y II CICLOS",68,5,136
2022,705,"Matina","MATINA",32.5245290994644,75,"Bajo",41.0564035177231,28.7459313869476,50.0285089015961,32.5576335191727,31.3646078109741,15.0629729032516,28.8556486368179,0,0,0,0,1,0,0,0,0,1,624,375,249,0,60.1,39.9,114,510,"UNIVERSIDAD DE COSTA RICA",273,"EDUCACION GENERAL BASICA I Y II CICLOS",51,5,125
2022,706,"Guácimo","GUACIMO",38.3723706007004,64,"Bajo",34.4150453805923,39.2707198858261,29.001972079277,51.4089822769165,43.3178067207336,30.0645858049393,41.1274760961533,0,0,0,0,1,0,0,0,0,1,826,513,313,0,62.11,37.89,188,638,"UNIVERSIDAD ESTATAL A DISTANCIA",312,"ADMINISTRACION DE EMPRESAS",65,5,157
2023,101,"San José","SAN JOSE",67.8785247802734,3,"Alto",73.5367431640625,72.1952209472656,65.5801773071289,64.4809875488281,81.3722534179688,74.4422836303711,43.5420188903809,0,1,0,0,3,2,1,0,1,7,5093,2665,2408,20,52.33,47.28,808,4285,"UNIVERSIDAD DE COSTA RICA",2574,"ADMINISTRACION DE EMPRESAS",408,5,392
2023,102,"Escazú","ESCAZU",68.5653076171875,2,"Alto",76.3861389160156,64.6555328369141,77.2152481079102,56.2682113647461,74.1508178710938,66.4215545654297,64.8596343994141,0,0,0,0,0,0,0,0,0,0,1336,695,632,9,52.02,47.31,198,1138,"UNIVERSIDAD DE COSTA RICA",690,"ADMINISTRACION DE EMPRESAS",99,5,238
2023,103,"Desamparados","DESAMPARADOS",53.335693359375,17,"Medio",37.6236419677734,32.2860908508301,38.3745765686035,68.7111434936523,82.2098770141602,51.9173240661621,62.2272071838379,1,0,0,0,1,2,0,0,1,4,3751,2127,1613,11,56.7,43,647,3104,"UNIVERSIDAD DE COSTA RICA",1642,"ADMINISTRACION DE EMPRESAS",432,5,296
2023,104,"Puriscal","PURISCAL",42.6156234741211,59,"Medio",28.4627914428711,27.3558521270752,41.5505294799805,58.0753898620605,42.4411125183105,35.6010589599609,64.8226165771484,0,0,0,0,0,0,0,0,0,0,1108,673,433,2,60.74,39.08,164,944,"UNIVERSIDAD ESTATAL A DISTANCIA",505,"ADMINISTRACION DE EMPRESAS",117,5,179
2023,105,"Tarrazú","TARRAZU",39.0774269104004,66,"Bajo",35.4948616027832,7.25765943527222,50.4586524963379,31.9631767272949,49.0541496276855,39.5507507324219,59.7627296447754,0,0,0,0,0,0,0,0,0,0,617,376,240,1,60.94,38.9,113,504,"UNIVERSIDAD ESTATAL A DISTANCIA",257,"ADMINISTRACION DE EMPRESAS",59,5,151
2023,106,"Aserrí","ASERRI",40.0155830383301,64,"Medio",18.634105682373,25.4049644470215,33.509349822998,51.1100654602051,56.8663444519043,42.7576293945312,51.8266105651855,0,1,0,0,0,1,0,0,1,2,1269,731,537,1,57.6,42.32,201,1068,"UNIVERSIDAD DE COSTA RICA",552,"ADMINISTRACION DE EMPRESAS",146,5,203
2023,107,"Mora","MORA",46.069278717041,45,"Medio",49.058048248291,33.1707077026367,48.3654899597168,48.3393325805664,50.9526176452637,37.1236305236816,55.4751205444336,0,0,0,0,0,0,0,0,0,0,725,412,312,1,56.83,43.03,131,594,"UNIVERSIDAD DE COSTA RICA",272,"ADMINISTRACION DE EMPRESAS",76,5,177
2023,108,"Goicoechea","GOICOECHEA",55.9379425048828,15,"Medio",51.6444129943848,38.2478103637695,44.4274253845215,57.2720909118652,80.5690765380859,57.5084648132324,61.8963088989258,1,0,0,0,1,0,0,0,1,2,2719,1385,1327,7,50.94,48.8,450,2269,"UNIVERSIDAD DE COSTA RICA",1452,"ADMINISTRACION DE EMPRESAS",226,5,297
2023,109,"Santa Ana","SANTA ANA",62.7193298339844,10,"Alto",77.7469863891602,48.204906463623,61.6775894165039,48.2252616882324,72.0427017211914,62.4789505004883,68.6589126586914,0,0,0,0,0,0,0,0,0,0,1060,559,501,0,52.74,47.26,189,871,"UNIVERSIDAD DE COSTA RICA",566,"ADMINISTRACION DE EMPRESAS",76,5,213
2023,110,"Alajuelita","ALAJUELITA",42.9423866271973,58,"Medio",25.4302310943604,25.1405086517334,29.3867511749268,51.3753204345703,69.3560409545898,48.1090354919434,51.7988204956055,0,0,0,0,0,1,0,0,0,1,968,515,448,5,53.2,46.28,193,775,"UNIVERSIDAD DE COSTA RICA",372,"ADMINISTRACION DE EMPRESAS",128,5,189
2023,111,"Vázquez de Coronado","VAZQUEZ DE CORONADO",45.3432579040527,48,"Medio",26.1588687896729,28.4328804016113,39.1098213195801,52.2728042602539,67.3053894042969,45.9778594970703,58.1451721191406,0,0,0,0,0,0,0,0,0,0,1808,940,866,2,51.99,47.9,261,1547,"UNIVERSIDAD DE COSTA RICA",888,"ADMINISTRACION DE EMPRESAS",160,5,260
2023,112,"Acosta","ACOSTA",40.5022468566895,62,"Medio",30.7997055053711,26.8150825500488,45.8693656921387,39.364673614502,38.8007888793945,46.2235794067383,55.6425285339355,0,0,0,0,0,0,0,0,0,0,640,405,234,1,63.28,36.56,109,531,"UNIVERSIDAD ESTATAL A DISTANCIA",318,"ADMINISTRACION DE EMPRESAS",79,5,142
2023,113,"Tibás","TIBAS",57.688648223877,12,"Medio",47.1572952270508,51.8285179138184,50.0699920654297,51.7218246459961,83.8838958740234,56.7808876037598,62.378116607666,0,0,0,0,0,0,0,0,0,0,1368,730,633,5,53.36,46.27,215,1153,"UNIVERSIDAD DE COSTA RICA",624,"ADMINISTRACION DE EMPRESAS",114,5,256
2023,114,"Moravia","MORAVIA",58.4032821655273,11,"Medio",52.2228889465332,38.557014465332,43.157112121582,62.0624923706055,73.3976135253906,67.3841857910156,72.0416793823242,0,0,0,0,0,0,0,0,0,0,1698,895,799,4,52.71,47.06,285,1413,"UNIVERSIDAD DE COSTA RICA",886,"ADMINISTRACION DE EMPRESAS",133,5,262
2023,115,"Montes de Oca","MONTES DE OCA",63.2519683837891,9,"Alto",60.6420059204102,54.9282379150391,39.8668251037598,63.3108596801758,80.816780090332,77.151123046875,66.0479431152344,0,0,0,0,0,0,0,0,0,0,2673,1401,1269,3,52.41,47.47,329,2344,"UNIVERSIDAD DE COSTA RICA",1966,"ADMINISTRACION DE EMPRESAS",135,5,325
2023,116,"Turrubares","TURRUBARES",35.7995643615723,74,"Bajo",16.8400363922119,25.1835155487061,61.5214195251465,22.6156387329102,23.880033493042,39.1532897949219,61.4030113220215,0,0,0,0,0,0,0,0,0,0,158,93,65,0,58.86,41.14,36,122,"UNIVERSIDAD ESTATAL A DISTANCIA",53,"ADMINISTRACION DE EMPRESAS",19,5,77
2023,117,"Dota","DOTA",40.015209197998,65,"Medio",38.1483421325684,23.7056636810303,57.6138534545898,33.7184982299805,37.6207160949707,37.9821319580078,51.3172645568848,0,0,0,0,0,0,0,0,0,0,214,130,83,1,60.75,38.79,47,167,"UNIVERSIDAD ESTATAL A DISTANCIA",88,"ADMINISTRACION DE EMPRESAS",18,5,97
2023,118,"Curridabat","CURRIDABAT",64.8115386962891,5,"Alto",67.2546081542969,52.1744842529297,58.9948654174805,53.9525527954102,84.2543869018555,74.3273468017578,62.7225379943848,0,0,0,0,0,0,0,0,0,0,1845,945,896,4,51.22,48.56,285,1560,"UNIVERSIDAD DE COSTA RICA",1073,"ADMINISTRACION DE EMPRESAS",152,5,268
2023,119,"Pérez Zeledón","PEREZ ZELEDON",45.0533752441406,50,"Medio",34.9043121337891,26.9369564056396,39.6321601867676,63.9187850952148,48.1834411621094,37.3216361999512,64.4763259887695,0,0,0,0,0,0,0,0,0,0,4839,2770,2067,2,57.24,42.72,870,3969,"UNIVERSIDAD ESTATAL A DISTANCIA",1870,"EDUCACION GENERAL BASICA I Y II CICLOS",279,5,253
2023,120,"León Cortés","LEON CORTES",33.1595039367676,77,"Bajo",15.3721513748169,2.0041606426239,46.0619010925293,31.1655330657959,44.5014991760254,35.3278007507324,57.683479309082,1,0,0,0,0,0,0,0,1,1,459,292,167,0,63.62,36.38,68,391,"UNIVERSIDAD ESTATAL A DISTANCIA",233,"ADMINISTRACION DE EMPRESAS",47,5,129
2023,201,"Alajuela","ALAJUELA",64.7925262451172,6,"Alto",66.8011856079102,48.1089210510254,58.0855865478516,74.2118682861328,65.2029266357422,86.1465759277344,54.9906349182129,0,0,0,0,3,0,0,0,0,3,8235,4341,3875,19,52.71,47.06,2017,6218,"UNIVERSIDAD TECNICA NACIONAL",3434,"ADMINISTRACION DE EMPRESAS",565,5,352
2023,202,"San Ramón","SAN RAMON",47.8563690185547,35,"Medio",38.3724632263184,30.6319141387939,41.5388984680176,61.6245918273926,47.6955795288086,46.3299674987793,68.8011779785156,0,1,0,0,1,0,0,0,1,2,3476,1995,1472,9,57.39,42.35,621,2855,"UNIVERSIDAD DE COSTA RICA",1629,"ADMINISTRACION DE EMPRESAS",227,5,265
2023,203,"Grecia","GRECIA",52.8327140808105,19,"Medio",54.4374046325684,31.1068210601807,45.2035140991211,57.3192672729492,54.6647300720215,62.670726776123,64.4265289306641,0,0,0,0,0,0,0,0,0,0,2164,1110,1053,1,51.29,48.66,405,1759,"UNIVERSIDAD DE COSTA RICA",1010,"ADMINISTRACION DE EMPRESAS",109,5,243
2023,204,"San Mateo","SAN MATEO",47.7118148803711,36,"Medio",43.5993423461914,28.4082736968994,59.4963531494141,51.9115409851074,44.3668403625488,42.9892387390137,63.2111015319824,0,0,0,0,0,0,0,0,0,0,206,120,85,1,58.25,41.26,44,162,"UNIVERSIDAD DE COSTA RICA",72,"ADMINISTRACION DE EMPRESAS",16,5,94
2023,205,"Atenas","ATENAS",48.8018493652344,29,"Medio",41.2937316894531,31.8416347503662,46.5288200378418,55.073657989502,51.5243530273438,49.4561920166016,65.8945465087891,0,0,0,0,0,0,0,0,0,0,948,514,432,2,54.22,45.57,203,745,"UNIVERSIDAD DE COSTA RICA",335,"CONTABILIDAD Y FINANZAS",79,5,185
2023,206,"Naranjo","NARANJO",47.8622207641602,34,"Medio",41.1956481933594,29.47216796875,41.2729530334473,54.5751647949219,51.5968742370605,53.0748901367188,63.8478393554688,0,0,0,0,0,1,0,0,0,1,1454,807,639,8,55.5,43.95,280,1174,"UNIVERSIDAD DE COSTA RICA",547,"ADMINISTRACION DE EMPRESAS",96,5,215
2023,207,"Palmares","PALMARES",49.7194061279297,24,"Medio",44.1808433532715,32.6750450134277,38.9366340637207,56.8373985290527,64.0832901000977,49.1028099060059,62.2198104858398,0,0,0,0,0,0,0,0,0,0,1325,737,584,4,55.62,44.08,230,1095,"UNIVERSIDAD DE COSTA RICA",600,"ADMINISTRACION DE EMPRESAS",81,5,206
2023,208,"Poás","POAS",47.6017761230469,37,"Medio",41.3232727050781,31.0982685089111,44.8132667541504,52.5756950378418,58.0706787109375,53.2613067626953,52.0699577331543,0,0,0,0,0,0,0,0,0,0,851,474,372,5,55.7,43.71,169,682,"UNIVERSIDAD DE COSTA RICA",287,"ADMINISTRACION DE EMPRESAS",48,5,179
2023,209,"Orotina","OROTINA",51.4524688720703,20,"Medio",63.6861000061035,34.9205131530762,52.3713798522949,47.2152481079102,52.6544990539551,53.9787330627441,55.3408126831055,0,0,0,0,0,0,0,0,0,0,565,301,264,0,53.27,46.73,116,449,"UNIVERSIDAD TECNICA NACIONAL",178,"ADMINISTRACION DE EMPRESAS",44,5,134
2023,210,"San Carlos","SAN CARLOS",49.1242752075195,26,"Medio",42.9175148010254,32.9235954284668,39.2449836730957,60.4871940612793,58.0492782592773,46.0588493347168,64.1885147094727,0,1,0,0,2,1,0,0,1,4,5019,2927,2071,21,58.32,41.26,1085,3934,"UNIVERSIDAD ESTATAL A DISTANCIA",1365,"ADMINISTRACION DE EMPRESAS",389,5,273
2023,211,"Zarcero","ZARCERO",45.0219459533691,51,"Medio",36.5624732971191,31.480094909668,56.2905235290527,41.2381706237793,41.0295181274414,41.8730125427246,66.6798248291016,0,0,0,0,0,0,0,0,0,0,482,300,181,1,62.24,37.55,90,392,"UNIVERSIDAD DE COSTA RICA",203,"ADMINISTRACION DE EMPRESAS",29,5,150
2023,212,"Sarchí","SARCHI",47.1381340026855,40,"Medio",40.8664474487305,29.0333862304688,44.5435638427734,43.8689079284668,54.6984519958496,52.6288452148438,64.3273468017578,0,0,0,0,0,0,0,0,0,0,531,257,273,1,48.4,51.41,104,427,"UNIVERSIDAD DE COSTA RICA",215,"ADMINISTRACION DE EMPRESAS",30,5,138
2023,213,"Upala","UPALA",37.1216011047363,71,"Bajo",28.4180641174316,26.0655422210693,31.5689258575439,32.8034019470215,52.8257637023926,25.5026416778564,62.6668586730957,0,0,0,0,0,0,0,0,0,0,1804,1199,591,14,66.46,32.76,314,1490,"UNIVERSIDAD ESTATAL A DISTANCIA",961,"EDUCACION GENERAL BASICA I Y II CICLOS",244,5,162
2023,214,"Los Chiles","LOS CHILES",32.7644309997559,78,"Bajo",22.3052635192871,26.4480571746826,28.5414943695068,20.6504573822021,48.929744720459,23.4795818328857,58.996410369873,1,0,0,0,1,0,0,0,1,2,671,451,213,7,67.21,31.74,140,531,"UNIVERSIDAD ESTATAL A DISTANCIA",295,"ADMINISTRACION DE EMPRESAS",55,5,131
2023,215,"Guatuso","GUATUSO",35.583366394043,75,"Bajo",18.6523513793945,25.7642307281494,41.4514579772949,31.3573169708252,54.3931083679199,23.672924041748,53.7921676635742,0,0,0,0,0,0,0,0,0,0,478,305,169,4,63.81,35.36,90,388,"UNIVERSIDAD ESTATAL A DISTANCIA",179,"ADMINISTRACION DE EMPRESAS",44,5,109
2023,301,"Cartago","CARTAGO",64.1404724121094,7,"Alto",70.0873260498047,39.139720916748,52.5797500610352,66.394905090332,69.3661193847656,87.9646377563477,63.4508666992188,0,1,0,0,1,0,0,0,1,2,4509,2296,2209,4,50.92,48.99,753,3756,"UNIVERSIDAD DE COSTA RICA",1694,"ADMINISTRACION DE EMPRESAS",503,5,314
2023,302,"Paraíso","PARAISO",49.0961761474609,27,"Medio",40.8186302185059,31.4375896453857,44.0242500305176,54.2725028991699,60.2003173828125,52.932373046875,59.9875564575195,0,0,0,0,0,0,0,0,0,0,1516,777,739,0,51.25,48.75,258,1258,"UNIVERSIDAD DE COSTA RICA",667,"ADMINISTRACION DE EMPRESAS",156,5,209
2023,303,"La Unión","LA UNION",52.8935775756836,18,"Medio",56.7210350036621,34.7331962585449,41.2653770446777,50.6735954284668,71.7938232421875,53.738094329834,61.3299140930176,0,0,0,0,0,0,0,0,0,0,2442,1263,1174,5,51.72,48.08,416,2026,"UNIVERSIDAD DE COSTA RICA",1247,"ADMINISTRACION DE EMPRESAS",238,5,278
2023,304,"Jiménez","JIMENEZ",37.7306137084961,69,"Bajo",11.7865133285522,24.7699928283691,47.5402717590332,39.1595726013184,49.5681266784668,25.2840785980225,66.005729675293,0,0,0,0,0,0,0,0,0,0,565,327,237,1,57.88,41.95,121,444,"UNIVERSIDAD DE COSTA RICA",278,"INFORMATICA EMPRESARIAL",38,5,137
2023,305,"Turrialba","TURRIALBA",41.1650466918945,61,"Medio",33.1454696655273,28.6421222686768,38.0070381164551,51.5154190063477,50.3741989135742,21.8381958007812,64.6328887939453,0,0,0,0,0,0,1,0,0,1,2775,1499,1276,0,54.02,45.98,531,2244,"UNIVERSIDAD DE COSTA RICA",1328,"INFORMATICA EMPRESARIAL",172,5,226
2023,306,"Alvarado","ALVARADO",45.425422668457,47,"Medio",41.252368927002,27.7087230682373,40.1981887817383,41.6422920227051,50.0005760192871,51.7161483764648,65.4596557617188,0,0,0,0,1,0,0,0,0,1,342,185,157,0,54.09,45.91,56,286,"UNIVERSIDAD DE COSTA RICA",169,"ADMINISTRACION DE EMPRESAS",24,5,130
2023,307,"Oreamuno","OREAMUNO",46.7658576965332,42,"Medio",36.5619316101074,29.1873874664307,38.9683456420898,45.9502372741699,57.022876739502,56.5111770629883,63.159049987793,0,0,0,0,0,0,0,0,0,0,1284,643,639,2,50.08,49.77,219,1065,"UNIVERSIDAD DE COSTA RICA",528,"ADMINISTRACION DE EMPRESAS",116,5,213
2023,308,"El Guarco","EL GUARCO",54.8902015686035,16,"Medio",53.1431007385254,35.6433372497559,41.8364791870117,53.2107238769531,54.7730178833008,86.0787734985352,59.5459823608398,0,0,0,0,0,0,0,0,0,0,1253,650,601,2,51.88,47.96,219,1034,"UNIVERSIDAD DE COSTA RICA",499,"ADMINISTRACION DE EMPRESAS",155,5,191
2023,401,"Heredia","HEREDIA",63.8569297790527,8,"Alto",66.3610382080078,49.7226905822754,44.3373947143555,60.2095336914062,83.5478591918945,82.3766860961914,60.4433174133301,0,0,0,0,2,0,0,0,0,2,3567,1886,1661,20,52.87,46.57,638,2929,"UNIVERSIDAD NACIONAL",1266,"ADMINISTRACION DE EMPRESAS",217,5,325
2023,402,"Barva","BARVA",48.3141746520996,30,"Medio",42.6902465820312,31.7981185913086,43.1925354003906,55.6179008483887,70.414176940918,41.577522277832,52.9087257385254,0,0,0,0,0,0,0,0,0,0,1259,654,604,1,51.95,47.97,209,1050,"UNIVERSIDAD NACIONAL",516,"ADMINISTRACION",78,5,231
2023,403,"Santo Domingo","SANTO DOMINGO",65.0633163452148,4,"Alto",66.5290832519531,53.3515663146973,43.1780815124512,59.3874435424805,78.8166275024414,76.6178588867188,77.5625762939453,0,0,0,0,0,0,0,0,0,0,1268,647,620,1,51.03,48.9,230,1038,"UNIVERSIDAD DE COSTA RICA",555,"ADMINISTRACION DE EMPRESAS",83,5,235
2023,404,"Santa Bárbara","SANTA BARBARA",47.9204216003418,33,"Medio",42.3564071655273,29.2655696868896,39.9241218566895,50.6239433288574,65.0078125,45.7743759155273,62.4907112121582,0,0,0,0,0,0,0,0,0,0,965,530,435,0,54.92,45.08,181,784,"UNIVERSIDAD NACIONAL",294,"ADMINISTRACION DE EMPRESAS",79,5,195
2023,405,"San Rafael","SAN RAFAEL",49.9188537597656,23,"Medio",42.177848815918,29.5124034881592,43.3102264404297,49.9794158935547,70.1249694824219,42.017650604248,72.309455871582,0,0,0,0,0,0,0,0,0,0,1518,831,687,0,54.74,45.26,274,1244,"UNIVERSIDAD NACIONAL",662,"ADMINISTRACION",103,5,241
2023,406,"San Isidro","SAN ISIDRO",48.8140029907227,28,"Medio",46.0070457458496,31.2744159698486,46.7649879455566,40.7294807434082,63.2608299255371,50.5504837036133,63.1107711791992,0,0,0,0,0,0,0,0,0,0,705,366,336,3,51.91,47.66,132,573,"UNIVERSIDAD DE COSTA RICA",274,"ADMINISTRACION",48,5,174
2023,407,"Belén","BELEN",74.81689453125,1,"Alto",100,71.4651412963867,68.0160980224609,58.5276565551758,78.5147094726562,79.3176879882812,67.8769454956055,0,0,0,0,0,0,0,0,0,0,622,290,328,4,46.62,52.73,88,534,"UNIVERSIDAD DE COSTA RICA",264,"ADMINISTRACION DE EMPRESAS",27,5,173
2023,408,"Flores","FLORES",56.9785614013672,13,"Medio",59.8761215209961,39.5854339599609,49.2187232971191,57.098705291748,81.0257034301758,57.0625114440918,54.982738494873,0,0,0,0,0,0,0,0,0,0,615,330,285,0,53.66,46.34,119,496,"UNIVERSIDAD DE COSTA RICA",240,"ADMINISTRACION DE EMPRESAS",42,5,177
2023,409,"San Pablo","SAN PABLO",56.1184844970703,14,"Medio",60.2519073486328,38.2165336608887,52.221321105957,44.8109016418457,81.3453063964844,52.1257476806641,63.8576812744141,0,0,0,0,0,0,0,0,0,0,896,482,412,2,53.79,45.98,133,763,"UNIVERSIDAD NACIONAL",327,"ADMINISTRACION DE EMPRESAS",62,5,198
2023,410,"Sarapiquí","SARAPIQUI",36.4450149536133,73,"Bajo",26.0833492279053,27.9145336151123,23.3113574981689,46.5453262329102,39.8082885742188,35.7342224121094,55.7180404663086,0,0,0,0,0,0,0,0,0,0,1590,956,623,11,60.13,39.18,356,1234,"UNIVERSIDAD NACIONAL",537,"ADMINISTRACION",110,5,180
2023,501,"Liberia","LIBERIA",50.1618461608887,22,"Medio",54.2546157836914,30.7070636749268,37.6040840148926,61.9361991882324,61.1753234863281,57.2223663330078,48.2332649230957,0,2,0,0,1,0,0,0,2,3,2195,1183,1007,5,53.9,45.88,481,1714,"UNIVERSIDAD DE COSTA RICA",740,"ADMINISTRACION",145,5,199
2023,502,"Nicoya","NICOYA",44.6452445983887,53,"Medio",44.278694152832,30.3825416564941,43.8706321716309,56.064208984375,37.9091796875,32.355640411377,67.6558227539062,1,0,0,0,1,0,0,0,1,2,1313,760,553,0,57.88,42.12,253,1060,"UNIVERSIDAD NACIONAL",510,"ADMINISTRACION",131,5,169
2023,503,"Santa Cruz","SANTA CRUZ",47.9374465942383,32,"Medio",53.6150588989258,33.2676277160645,51.37109375,63.6268882751465,44.8055725097656,30.2642879486084,58.6115951538086,2,0,0,0,0,1,0,0,2,3,1157,660,491,6,57.04,42.44,246,911,"UNIVERSIDAD DE COSTA RICA",369,"SISTEMAS DE INFORMACION",70,5,164
2023,504,"Bagaces","BAGACES",47.256290435791,39,"Medio",30.5736961364746,28.3109092712402,41.8437652587891,46.8958168029785,50.2701988220215,56.2802848815918,76.6193695068359,0,0,0,0,0,0,0,0,0,0,718,403,313,2,56.13,43.59,167,551,"UNIVERSIDAD DE COSTA RICA",226,"ADMINISTRACION",35,5,132
2023,505,"Carrillo","CARRILLO",48.2445106506348,31,"Medio",52.5911293029785,29.8382225036621,44.8062896728516,54.3734703063965,57.1678924560547,45.0988731384277,53.8357048034668,0,1,0,0,0,0,0,0,1,1,716,393,319,4,54.89,44.55,160,556,"UNIVERSIDAD DE COSTA RICA",236,"ADMINISTRACION",65,5,118
2023,506,"Cañas","CANAS",46.2684707641602,44,"Medio",44.2938690185547,29.0509624481201,42.8040771484375,50.4003448486328,54.9927558898926,47.2474937438965,55.0898017883301,0,0,0,0,0,0,0,0,0,0,929,532,394,3,57.27,42.41,240,689,"UNIVERSIDAD TECNICA NACIONAL",392,"INGENIERIA TECNOLOGIAS DE INFORMACION",61,5,141
2023,507,"Abangares","ABANGARES",45.014762878418,52,"Medio",55.8285369873047,28.266731262207,47.4028015136719,29.509822845459,41.1620407104492,51.6589546203613,61.2744445800781,0,0,0,0,0,0,0,0,0,0,423,259,164,0,61.23,38.77,104,319,"UNIVERSIDAD ESTATAL A DISTANCIA",125,"ADMINISTRACION DE EMPRESAS",37,5,100
2023,508,"Tilarán","TILARAN",46.9824523925781,41,"Medio",32.3164863586426,28.6756935119629,54.6892967224121,31.4826126098633,56.3827171325684,52.1810340881348,73.1493225097656,0,0,0,0,0,0,0,0,0,0,767,465,302,0,60.63,39.37,160,607,"UNIVERSIDAD DE COSTA RICA",220,"INGENIERIA TECNOLOGIAS DE INFORMACION",47,5,158
2023,509,"Nandayure","NANDAYURE",45.8267135620117,46,"Medio",42.7456741333008,30.064001083374,48.1177520751953,31.2575206756592,29.3328723907471,52.5590782165527,86.7100830078125,0,0,0,0,0,0,0,0,0,0,371,211,158,2,56.87,42.59,84,287,"UNIVERSIDAD NACIONAL",110,"SISTEMAS DE INFORMACION",27,5,111
2023,510,"La Cruz","LA CRUZ",42.2975997924805,60,"Medio",38.625316619873,30.1815338134766,41.7690124511719,39.9882431030273,46.9600639343262,23.3098564147949,75.2491760253906,0,0,0,0,0,0,0,0,0,0,640,406,226,8,63.44,35.31,151,489,"UNIVERSIDAD ESTATAL A DISTANCIA",259,"ADMINISTRACION DE EMPRESAS",51,5,98
2023,511,"Hojancha","HOJANCHA",44.1438522338867,54,"Medio",35.6908302307129,28.7511520385742,55.4130172729492,38.6363334655762,35.5556945800781,45.6853141784668,69.2746276855469,0,0,0,0,0,0,0,0,0,0,253,146,106,1,57.71,41.9,46,207,"UNIVERSIDAD NACIONAL",97,"ADMINISTRACION",25,5,88
2023,601,"Puntarenas","PUNTARENAS",47.4036140441895,38,"Medio",45.7161674499512,30.129451751709,40.2923812866211,62.2162246704102,42.9982872009277,42.6226577758789,67.8501358032227,0,0,0,0,1,1,0,0,0,2,2893,1600,1288,5,55.31,44.52,716,2177,"UNIVERSIDAD TECNICA NACIONAL",1142,"INGENIERIA PRODUCCION INDUSTRIAL",142,5,214
2023,602,"Esparza","ESPARZA",49.5133590698242,25,"Medio",49.0427627563477,29.5546741485596,50.4829978942871,56.763599395752,47.9092063903809,49.148551940918,63.6917304992676,0,0,0,0,0,0,0,0,0,0,1281,715,565,1,55.82,44.11,283,998,"UNIVERSIDAD TECNICA NACIONAL",444,"INGENIERIA ELECTRICA",67,5,179
2023,603,"Buenos Aires","BUENOS AIRES",30.9002265930176,80,"Bajo",15.7957000732422,24.7865982055664,34.104564666748,29.1051959991455,38.2442283630371,12.864670753479,61.4006271362305,1,0,0,0,0,0,0,0,1,1,1446,932,513,1,64.45,35.48,284,1162,"UNIVERSIDAD ESTATAL A DISTANCIA",731,"EDUCACION GENERAL BASICA I Y II CICLOS",150,5,173
2023,604,"Montes de Oro","MONTES DE ORO",43.4415054321289,56,"Medio",40.0079917907715,28.8067226409912,49.1216125488281,38.5205497741699,53.5466728210449,39.4482841491699,54.6387062072754,0,0,0,0,0,0,0,0,0,0,511,278,232,1,54.4,45.4,120,391,"UNIVERSIDAD ESTATAL A DISTANCIA",162,"ADMINISTRACION DE EMPRESAS",27,5,119
2023,605,"Osa","OSA",44.0357398986816,55,"Medio",45.4633102416992,31.765007019043,53.2396621704102,46.8846626281738,36.5002479553223,24.7136993408203,69.6836013793945,0,0,0,0,0,0,0,0,0,0,502,328,173,1,65.34,34.46,117,385,"UNIVERSIDAD ESTATAL A DISTANCIA",235,"ADMINISTRACION DE EMPRESAS",59,5,108
2023,606,"Quepos","QUEPOS",45.110652923584,49,"Medio",54.3962326049805,33.752269744873,52.3845596313477,47.6145057678223,49.2623138427734,24.0098152160645,54.3548851013184,1,0,0,0,0,0,0,0,1,1,386,237,148,1,61.4,38.34,88,298,"UNIVERSIDAD ESTATAL A DISTANCIA",189,"ADMINISTRACION DE EMPRESAS",44,5,116
2023,607,"Golfito","GOLFITO",36.8240165710449,72,"Bajo",25.9271011352539,28.6829051971436,30.8161563873291,45.6554069519043,45.3181343078613,11.6023817062378,69.7660369873047,0,0,0,0,0,0,0,0,0,0,834,483,351,0,57.91,42.09,193,641,"UNIVERSIDAD DE COSTA RICA",303,"ADMINISTRACION",55,5,150
2023,608,"Coto Brus","COTO BRUS",40.3279991149902,63,"Medio",27.101131439209,26.9095706939697,36.594352722168,41.9046020507812,48.1864852905273,33.2353096008301,68.3645401000977,0,0,0,0,0,0,0,0,0,0,1281,790,490,1,61.67,38.25,256,1025,"UNIVERSIDAD ESTATAL A DISTANCIA",505,"EDUCACION GENERAL BASICA I Y II CICLOS",131,5,180
2023,609,"Parrita","PARRITA",38.8522148132324,67,"Bajo",46.6588592529297,29.7338733673096,45.0253219604492,31.3144435882568,45.1323318481445,14.3606052398682,59.7400703430176,0,0,0,0,2,1,0,0,0,3,209,128,81,0,61.24,38.76,51,158,"UNIVERSIDAD ESTATAL A DISTANCIA",95,"ADMINISTRACION DE EMPRESAS",27,5,93
2023,610,"Corredores","CORREDORES",34.7541351318359,76,"Bajo",37.6928787231445,16.5614013671875,26.9780158996582,44.392578125,47.9792060852051,20.1145992279053,49.5602760314941,1,1,0,0,0,2,0,0,2,4,1220,722,496,2,59.18,40.66,283,937,"UNIVERSIDAD ESTATAL A DISTANCIA",436,"SISTEMAS DE INFORMACION",85,5,159
2023,611,"Garabito","GARABITO",50.7355422973633,21,"Medio",66.4910354614258,34.5733528137207,63.6386833190918,45.4224090576172,55.5898246765137,43.0236358642578,46.4098472595215,0,0,0,0,0,0,1,0,0,1,231,136,90,5,58.87,38.96,65,166,"UNIVERSIDAD DE COSTA RICA",78,"ADMINISTRACION DE EMPRESAS",18,5,90
2023,701,"Limón","LIMON",37.2121925354004,70,"Bajo",40.5528831481934,28.1793880462646,36.8790969848633,51.7174415588379,51.1471290588379,17.8618698120117,34.1475296020508,0,2,0,0,0,4,0,0,2,6,1723,968,754,1,56.18,43.76,366,1357,"UNIVERSIDAD DE COSTA RICA",743,"ADMINISTRACION DE EMPRESAS",178,5,191
2023,702,"Pococí","POCOCI",46.5076484680176,43,"Medio",39.3611869812012,32.1603050231934,29.9273490905762,60.1133041381836,46.4199600219727,49.3663749694824,68.2050552368164,3,0,0,0,2,0,0,0,3,5,3281,1911,1359,11,58.24,41.42,694,2587,"UNIVERSIDAD ESTATAL A DISTANCIA",1200,"ADMINISTRACION DE EMPRESAS",248,5,246
2023,703,"Siquirres","SIQUIRRES",38.6334075927734,68,"Bajo",39.2968330383301,30.6178874969482,29.6020126342773,39.8046836853027,42.842357635498,25.5335750579834,62.736515045166,0,0,0,0,0,0,0,0,0,0,1044,625,417,2,59.87,39.94,212,832,"UNIVERSIDAD DE COSTA RICA",434,"ADMINISTRACION DE EMPRESAS",86,5,169
2023,704,"Talamanca","TALAMANCA",28.9172134399414,81,"Bajo",25.0411930084229,26.662992477417,42.0021286010742,36.2843437194824,17.6726684570312,0.00499999988824129,54.7521629333496,0,0,0,0,2,0,0,0,0,2,720,429,287,4,59.58,39.86,146,574,"UNIVERSIDAD ESTATAL A DISTANCIA",336,"EDUCACION GENERAL BASICA I Y II CICLOS",53,5,129
2023,705,"Matina","MATINA",32.2575378417969,79,"Bajo",30.7253360748291,27.5873394012451,47.287425994873,36.8329467773438,33.6181716918945,20.5358581542969,29.2157001495361,0,0,0,0,1,1,0,0,0,2,634,379,252,3,59.78,39.75,137,497,"UNIVERSIDAD DE COSTA RICA",289,"EDUCACION GENERAL BASICA I Y II CICLOS",50,5,123
2023,706,"Guácimo","GUACIMO",43.1364707946777,57,"Medio",34.3903160095215,32.3060073852539,38.3662986755371,52.8108711242676,47.4158668518066,32.4953231811523,64.1706161499023,0,0,0,0,1,0,0,0,0,1,863,528,331,4,61.18,38.35,213,650,"UNIVERSIDAD ESTATAL A DISTANCIA",334,"ADMINISTRACION DE EMPRESAS",54,5,154
2024,101,"San José","SAN JOSE",66.018798828125,3,"Alto",66.9229736328125,67.3998107910156,62.7404441833496,67.6175689697266,82.3671340942383,69.5483932495117,45.5352935791016,1,0,0,0,0,5,0,0,1,6,4991,2574,2386,31,51.57,47.81,978,4013,"UNIVERSIDAD DE COSTA RICA",2428,"ADMINISTRACION DE EMPRESAS",397,5,375
2024,102,"Escazú","ESCAZU",71.9805374145508,2,"Alto",80.3993911743164,66.0081176757812,75.2723922729492,58.637020111084,74.0186538696289,79.9899597167969,69.5382232666016,0,0,0,0,0,0,0,0,0,0,1314,681,621,12,51.83,47.26,259,1055,"UNIVERSIDAD DE COSTA RICA",638,"ADMINISTRACION DE EMPRESAS",106,5,225
2024,103,"Desamparados","DESAMPARADOS",51.2223777770996,19,"Medio",28.9970951080322,32.7069091796875,29.9387969970703,69.3275146484375,82.9257583618164,49.9815521240234,64.6790237426758,0,0,0,0,0,1,0,0,0,1,3620,2028,1579,13,56.02,43.62,619,3001,"UNIVERSIDAD DE COSTA RICA",1586,"ADMINISTRACION DE EMPRESAS",381,5,275
2024,104,"Puriscal","PURISCAL",42.2429428100586,61,"Medio",28.7908916473389,27.8627490997314,41.9205513000488,60.2967720031738,42.6750450134277,32.6033363342285,61.5512542724609,0,0,0,0,0,0,0,0,0,0,1071,655,413,3,61.16,38.56,183,888,"UNIVERSIDAD ESTATAL A DISTANCIA",492,"ADMINISTRACION DE EMPRESAS",100,5,178
2024,105,"Tarrazú","TARRAZU",39.3525924682617,69,"Bajo",37.3148155212402,10.1666135787964,43.9865684509277,33.716968536377,49.0290908813477,38.0824127197266,63.1716728210449,0,0,0,0,0,0,0,0,0,0,641,403,235,3,62.87,36.66,122,519,"UNIVERSIDAD ESTATAL A DISTANCIA",264,"ADMINISTRACION DE EMPRESAS",58,5,155
2024,106,"Aserrí","ASERRI",42.0841407775879,63,"Medio",14.5214853286743,31.0251388549805,28.4631938934326,56.1096496582031,57.1322326660156,43.716983795166,63.620288848877,0,0,0,0,0,0,0,0,0,0,1266,725,540,1,57.27,42.65,232,1034,"UNIVERSIDAD DE COSTA RICA",540,"ADMINISTRACION DE EMPRESAS",144,5,201
2024,107,"Mora","MORA",47.481689453125,39,"Medio",46.1862564086914,31.9052257537842,46.092658996582,57.4831848144531,51.4631423950195,45.6255683898926,53.6157989501953,0,0,0,0,0,0,0,0,0,0,725,419,301,5,57.79,41.52,144,581,"UNIVERSIDAD ESTATAL A DISTANCIA",271,"ADMINISTRACION DE EMPRESAS",79,5,168
2024,108,"Goicoechea","GOICOECHEA",55.34326171875,15,"Medio",47.3417549133301,35.3497772216797,41.739933013916,64.0932846069336,81.591423034668,57.9299392700195,59.3567085266113,0,0,0,0,0,1,0,0,0,1,2636,1373,1257,6,52.09,47.69,453,2183,"UNIVERSIDAD DE COSTA RICA",1401,"ADMINISTRACION DE EMPRESAS",224,5,273
2024,109,"Santa Ana","SANTA ANA",61.838451385498,10,"Alto",73.1481018066406,47.5933036804199,56.7758140563965,51.2222366333008,71.8631210327148,66.8042831420898,65.4623031616211,0,0,0,0,0,1,0,0,0,1,1010,549,458,3,54.36,45.35,173,837,"UNIVERSIDAD DE COSTA RICA",547,"ADMINISTRACION DE EMPRESAS",80,5,208
2024,110,"Alajuelita","ALAJUELITA",44.737922668457,56,"Medio",20.4246253967285,43.9773101806641,24.0748481750488,55.5845260620117,69.7179718017578,48.1931610107422,51.1930084228516,0,0,0,0,1,2,0,0,0,3,956,515,435,6,53.87,45.5,192,764,"UNIVERSIDAD DE COSTA RICA",380,"ADMINISTRACION DE EMPRESAS",118,5,182
2024,111,"Vázquez de Coronado","VAZQUEZ DE CORONADO",45.3937301635742,54,"Medio",21.4408397674561,31.0071048736572,38.0925369262695,53.7051048278809,68.3129348754883,45.7638778686523,59.4337043762207,0,0,0,0,0,0,0,0,0,0,1735,888,844,3,51.18,48.65,301,1434,"UNIVERSIDAD DE COSTA RICA",884,"ADMINISTRACION DE EMPRESAS",124,5,250
2024,112,"Acosta","ACOSTA",38.7364311218262,71,"Bajo",26.2957572937012,25.1691818237305,39.7263374328613,41.5073280334473,38.5058670043945,36.4615898132324,63.488956451416,0,0,0,0,0,0,0,0,0,0,616,378,236,2,61.36,38.31,86,530,"UNIVERSIDAD ESTATAL A DISTANCIA",290,"ADMINISTRACION DE EMPRESAS",74,5,138
2024,113,"Tibás","TIBAS",59.2566986083984,11,"Medio",48.8022308349609,52.9902801513672,43.2316780090332,51.6899642944336,84.989143371582,61.4637298583984,71.6298751831055,0,0,0,0,0,0,0,0,0,0,1381,711,664,6,51.48,48.08,261,1120,"UNIVERSIDAD DE COSTA RICA",614,"ADMINISTRACION DE EMPRESAS",104,5,237
2024,114,"Moravia","MORAVIA",58.400936126709,12,"Medio",47.8428039550781,38.9689712524414,44.6375007629395,64.9479141235352,73.8656387329102,63.9569854736328,74.5867462158203,0,0,0,0,0,0,0,0,0,0,1662,881,778,3,53.01,46.81,300,1362,"UNIVERSIDAD DE COSTA RICA",875,"ADMINISTRACION DE EMPRESAS",132,5,250
2024,115,"Montes de Oca","MONTES DE OCA",63.2064895629883,9,"Alto",62.5176963806152,53.4399528503418,41.4951553344727,67.9109954833984,80.8122406005859,69.7251663208008,66.5442276000977,0,0,0,0,0,1,0,0,0,1,2458,1282,1161,15,52.16,47.23,324,2134,"UNIVERSIDAD DE COSTA RICA",1744,"ADMINISTRACION DE EMPRESAS",110,5,298
2024,116,"Turrubares","TURRUBARES",34.0588302612305,79,"Bajo",17.9073314666748,25.5841827392578,56.1760520935059,28.0622940063477,23.4439010620117,35.6370964050293,51.6009559631348,0,0,0,0,0,0,0,0,0,0,157,94,63,0,59.87,40.13,34,123,"UNIVERSIDAD ESTATAL A DISTANCIA",52,"ADMINISTRACION DE EMPRESAS",18,5,74
2024,117,"Dota","DOTA",40.3537063598633,65,"Medio",40.8443222045898,25.8927307128906,53.4667053222656,35.5159111022949,37.3384284973145,34.0504455566406,55.3674087524414,1,0,0,0,0,0,0,0,1,1,198,123,73,2,62.12,36.87,38,160,"UNIVERSIDAD ESTATAL A DISTANCIA",80,"ADMINISTRACION DE EMPRESAS",15,5,94
2024,118,"Curridabat","CURRIDABAT",63.5967254638672,7,"Alto",63.418586730957,47.530403137207,58.7737197875977,58.7471046447754,84.2546539306641,70.1653289794922,62.2872772216797,0,0,0,0,0,0,0,0,0,0,1793,917,873,3,51.14,48.69,325,1468,"UNIVERSIDAD DE COSTA RICA",1047,"ADMINISTRACION DE EMPRESAS",142,5,251
2024,119,"Pérez Zeledón","PEREZ ZELEDON",46.3677024841309,48,"Medio",34.6797714233398,27.9404850006104,34.3094215393066,66.6919937133789,48.9986457824707,39.8566017150879,72.0970077514648,0,0,0,0,0,0,0,0,0,0,4804,2745,2053,6,57.14,42.74,907,3897,"UNIVERSIDAD ESTATAL A DISTANCIA",1812,"INGENIERIA EN SISTEMAS DE INFORMACION",257,5,251
2024,120,"León Cortés","LEON CORTES",37.9387130737305,73,"Bajo",22.83078956604,2.84511876106262,50.2789878845215,37.7020988464355,43.9418029785156,38.7756309509277,69.1965713500977,0,0,0,0,0,0,0,0,0,0,459,308,151,0,67.1,32.9,76,383,"UNIVERSIDAD ESTATAL A DISTANCIA",215,"ADMINISTRACION DE EMPRESAS",40,5,125
2024,201,"Alajuela","ALAJUELA",64.3559036254883,6,"Alto",65.461067199707,36.131763458252,62.1443252563477,76.6398620605469,65.7417755126953,85.848388671875,58.5241584777832,0,0,0,0,0,1,0,0,0,1,8293,4270,3973,50,51.49,47.91,1892,6401,"UNIVERSIDAD TECNICA NACIONAL",3328,"ADMINISTRACION DE EMPRESAS",714,5,338
2024,202,"San Ramón","SAN RAMON",47.7991561889648,37,"Medio",36.5831832885742,29.9735946655273,37.3118705749512,64.3673248291016,48.0546760559082,44.8783149719238,73.4251251220703,0,0,0,0,0,0,0,0,0,0,3410,1941,1457,12,56.92,42.73,639,2771,"UNIVERSIDAD DE COSTA RICA",1638,"ADMINISTRACION DE EMPRESAS",188,5,263
2024,203,"Grecia","GRECIA",54.8780860900879,16,"Medio",54.1192932128906,31.1036052703857,43.0611228942871,67.3883209228516,58.1533622741699,67.1290969848633,63.1917915344238,0,0,0,0,0,0,0,0,0,0,2142,1092,1047,3,50.98,48.88,431,1711,"UNIVERSIDAD DE COSTA RICA",1003,"ADMINISTRACION DE EMPRESAS",98,5,233
2024,204,"San Mateo","SAN MATEO",47.4162979125977,40,"Medio",44.6327133178711,30.1202507019043,57.0005035400391,50.0231704711914,48.0261077880859,35.7244644165039,66.3868713378906,0,0,0,0,0,0,0,0,0,0,222,137,85,0,61.71,38.29,56,166,"UNIVERSIDAD DE COSTA RICA",71,"ADMINISTRACION DE EMPRESAS",12,5,102
2024,205,"Atenas","ATENAS",48.3459930419922,35,"Medio",36.6223564147949,32.2395095825195,46.4777297973633,59.0302505493164,51.6617774963379,50.253776550293,62.1365547180176,0,0,0,0,0,0,0,0,0,0,930,490,437,3,52.69,46.99,188,742,"UNIVERSIDAD DE COSTA RICA",307,"CONTABILIDAD Y FINANZAS",70,5,183
2024,206,"Naranjo","NARANJO",48.7785758972168,33,"Medio",38.0448112487793,30.4735717773438,44.4853019714355,57.2254981994629,52.0146102905273,52.86474609375,66.3414993286133,0,0,0,0,0,0,0,0,0,0,1421,782,629,10,55.03,44.26,280,1141,"UNIVERSIDAD DE COSTA RICA",529,"ADMINISTRACION DE EMPRESAS",87,5,196
2024,207,"Palmares","PALMARES",50.1482200622559,24,"Medio",38.6052322387695,33.9277305603027,39.9338226318359,60.788459777832,64.512939453125,49.2720489501953,63.9973106384277,1,0,0,0,0,0,0,0,1,1,1312,710,594,8,54.12,45.27,273,1039,"UNIVERSIDAD DE COSTA RICA",587,"ADMINISTRACION DE EMPRESAS",93,5,202
2024,208,"Poás","POAS",48.9472160339355,32,"Medio",38.8445205688477,35.3251800537109,42.0578994750977,54.1010665893555,58.7270927429199,52.8803596496582,60.6943855285645,0,0,0,0,0,0,0,0,0,0,856,468,386,2,54.67,45.09,198,658,"UNIVERSIDAD DE COSTA RICA",283,"ADMINISTRACION DE EMPRESAS",41,5,175
2024,209,"Orotina","OROTINA",47.5485229492188,38,"Medio",61.522819519043,33.327392578125,49.5650787353516,47.3962936401367,55.6435394287109,30.7543277740479,54.6302032470703,0,0,0,0,0,0,0,0,0,0,565,305,257,3,53.98,45.49,135,430,"UNIVERSIDAD DE COSTA RICA",171,"ADMINISTRACION DE EMPRESAS",37,5,141
2024,210,"San Carlos","SAN CARLOS",49.0851593017578,31,"Medio",44.7497253417969,33.4512825012207,40.6245651245117,63.3115921020508,55.1032829284668,41.3640365600586,64.9916381835938,1,0,0,0,0,0,0,0,1,1,5072,2880,2159,33,56.78,42.57,1143,3929,"UNIVERSIDAD ESTATAL A DISTANCIA",1343,"ADMINISTRACION DE EMPRESAS",382,5,267
2024,211,"Zarcero","ZARCERO",45.4820594787598,53,"Medio",39.9936752319336,32.0482597351074,50.8875007629395,44.1174583435059,41.5306625366211,50.2568778991699,59.5399742126465,0,0,0,0,0,0,0,0,0,0,461,276,183,2,59.87,39.7,97,364,"UNIVERSIDAD DE COSTA RICA",196,"ADMINISTRACION DE EMPRESAS",26,5,142
2024,212,"Sarchí","SARCHI",48.7269325256348,34,"Medio",41.784610748291,30.9960556030273,50.8842964172363,44.714412689209,55.1335029602051,54.3226356506348,63.2530250549316,0,0,0,0,0,0,0,0,0,0,480,225,255,0,46.88,53.12,87,393,"UNIVERSIDAD DE COSTA RICA",196,"ADMINISTRACION DE EMPRESAS",25,5,136
2024,213,"Upala","UPALA",36.7429046630859,76,"Bajo",29.2686405181885,25.9322242736816,24.7111301422119,37.2566833496094,49.354663848877,30.7560539245605,59.9209327697754,2,0,0,0,0,0,0,0,2,2,1881,1251,607,23,66.51,32.27,347,1534,"UNIVERSIDAD ESTATAL A DISTANCIA",979,"EDUCACION GENERAL BASICA I Y II CICLOS",227,5,167
2024,214,"Los Chiles","LOS CHILES",31.7370147705078,81,"Bajo",29.0371322631836,27.9251804351807,29.8115043640137,23.1618785858154,44.0973854064941,12.674467086792,55.4515609741211,0,0,0,0,0,0,0,0,0,0,674,458,205,11,67.95,30.42,121,553,"UNIVERSIDAD ESTATAL A DISTANCIA",288,"ADMINISTRACION DE EMPRESAS",60,5,136
2024,215,"Guatuso","GUATUSO",38.5434341430664,72,"Bajo",23.0452480316162,29.1552410125732,44.1120300292969,28.5511989593506,50.9884414672852,30.0587978363037,63.8930740356445,0,0,0,0,0,0,0,0,0,0,461,299,160,2,64.86,34.71,105,356,"UNIVERSIDAD ESTATAL A DISTANCIA",186,"ADMINISTRACION DE EMPRESAS",42,5,118
2024,216,"Río Cuarto","RIO CUARTO",45.6533203125,51,"Medio",40.9790115356445,49.0108261108398,44.777027130127,52.9173393249512,45.2002487182617,23.0053882598877,63.6833877563477,0,0,0,0,0,0,0,0,0,0,254,162,89,3,63.78,35.04,64,190,"UNIVERSIDAD ESTATAL A DISTANCIA",88,"ADMINISTRACION DE EMPRESAS",23,5,92
2024,301,"Cartago","CARTAGO",63.2738189697266,8,"Alto",68.5013732910156,33.7567825317383,48.4743003845215,69.9502563476562,70.034553527832,83.1271438598633,69.0723190307617,0,0,0,0,0,0,0,0,0,0,4456,2228,2223,5,50,49.89,806,3650,"UNIVERSIDAD DE COSTA RICA",1643,"ADMINISTRACION DE EMPRESAS",472,5,284
2024,302,"Paraíso","PARAISO",50.046688079834,26,"Medio",42.1005554199219,34.5010643005371,41.2262687683105,56.7210006713867,60.5114250183105,50.7765655517578,64.4899291992188,0,0,0,0,1,0,0,0,0,1,1510,761,749,0,50.4,49.6,267,1243,"UNIVERSIDAD DE COSTA RICA",648,"ADMINISTRACION DE EMPRESAS",149,5,206
2024,303,"La Unión","LA UNION",56.6459159851074,13,"Medio",56.5631942749023,35.2814979553223,47.4261932373047,54.0198440551758,72.6491928100586,62.2632102966309,68.3182907104492,0,0,0,0,0,0,0,0,0,0,2413,1211,1197,5,50.19,49.61,449,1964,"UNIVERSIDAD DE COSTA RICA",1226,"ADMINISTRACION DE EMPRESAS",228,5,255
2024,304,"Jiménez","JIMENEZ",40.5328254699707,64,"Medio",13.8451976776123,25.769359588623,48.2109146118164,40.8884658813477,49.5114250183105,34.4123115539551,71.0920944213867,0,0,0,0,0,0,0,0,0,0,588,343,244,1,58.33,41.5,120,468,"UNIVERSIDAD DE COSTA RICA",285,"INFORMATICA EMPRESARIAL",40,5,140
2024,305,"Turrialba","TURRIALBA",42.1530990600586,62,"Medio",32.7216567993164,28.2091674804688,40.0769958496094,56.8948249816895,50.4552154541016,26.4581489562988,60.255672454834,0,0,0,0,0,1,0,0,0,1,2910,1535,1372,3,52.75,47.15,614,2296,"UNIVERSIDAD DE COSTA RICA",1402,"INFORMATICA EMPRESARIAL",181,5,228
2024,306,"Alvarado","ALVARADO",47.4019470214844,41,"Medio",37.4168701171875,27.1421184539795,44.9540824890137,43.7162246704102,50.154369354248,49.7342147827148,78.6957626342773,0,0,0,0,0,0,0,0,0,0,337,195,141,1,57.86,41.84,57,280,"UNIVERSIDAD DE COSTA RICA",158,"ADMINISTRACION DE EMPRESAS",29,5,118
2024,307,"Oreamuno","OREAMUNO",48.0785331726074,36,"Medio",38.2131690979004,31.0072765350342,39.9299354553223,48.1474761962891,57.3658981323242,54.7714424133301,67.1145324707031,0,0,0,0,0,0,0,0,0,0,1266,655,610,1,51.74,48.18,225,1041,"UNIVERSIDAD DE COSTA RICA",517,"ADMINISTRACION DE EMPRESAS",133,5,199
2024,308,"El Guarco","EL GUARCO",54.5577735900879,17,"Medio",48.6913642883301,29.8360691070557,37.9678688049316,55.8008575439453,55.2314682006836,79.676887512207,74.6998977661133,0,0,0,0,0,0,0,0,0,0,1281,652,627,2,50.9,48.95,219,1062,"UNIVERSIDAD DE COSTA RICA",498,"ADMINISTRACION DE EMPRESAS",147,5,200
2024,401,"Heredia","HEREDIA",64.5118865966797,5,"Alto",65.3203125,41.0757484436035,49.9690895080566,66.3083190917969,84.1171417236328,82.0758895874023,62.7166862487793,0,0,0,0,0,0,0,0,0,0,3465,1776,1669,20,51.26,48.17,641,2824,"UNIVERSIDAD NACIONAL",1250,"ADMINISTRACION",223,5,314
2024,402,"Barva","BARVA",50.559513092041,22,"Medio",42.2016944885254,33.2185287475586,43.7698669433594,57.4257354736328,71.5727233886719,45.7289772033691,59.9990539550781,0,0,0,0,0,0,0,0,0,0,1229,629,598,2,51.18,48.66,252,977,"UNIVERSIDAD NACIONAL",482,"ADMINISTRACION",86,5,222
2024,403,"Santo Domingo","SANTO DOMINGO",64.9646682739258,4,"Alto",63.9670181274414,42.0177268981934,48.5773506164551,61.2868919372559,80.0268249511719,76.8849639892578,81.9919128417969,1,0,0,0,0,0,0,0,1,1,1234,613,620,1,49.68,50.24,222,1012,"UNIVERSIDAD DE COSTA RICA",530,"ADMINISTRACION DE EMPRESAS",68,5,219
2024,404,"Santa Bárbara","SANTA BARBARA",50.5186767578125,23,"Medio",37.4685821533203,29.8598556518555,47.8962745666504,52.6221961975098,65.6327514648438,53.5829772949219,66.5680999755859,0,0,0,0,0,0,0,0,0,0,959,512,444,3,53.39,46.3,198,761,"UNIVERSIDAD NACIONAL",297,"ADMINISTRACION DE EMPRESAS",70,5,181
2024,405,"San Rafael","SAN RAFAEL",49.7838249206543,27,"Medio",33.6745872497559,31.6759796142578,43.232723236084,53.7606391906738,71.1613616943359,44.1116371154785,70.8698501586914,1,0,0,0,0,0,0,0,1,1,1454,792,660,2,54.47,45.39,272,1182,"UNIVERSIDAD NACIONAL",633,"ADMINISTRACION",111,5,223
2024,406,"San Isidro","SAN ISIDRO",49.6711196899414,29,"Medio",46.0770225524902,33.6687774658203,49.1961936950684,46.2871742248535,64.0314636230469,45.7597351074219,62.6774673461914,0,0,0,0,0,0,0,0,0,0,700,356,344,0,50.86,49.14,119,581,"UNIVERSIDAD NACIONAL",272,"ADMINISTRACION",52,5,171
2024,407,"Belén","BELEN",73.4033889770508,1,"Alto",99.8423843383789,57.7506103515625,69.6760101318359,60.3824996948242,79.0613861083984,84.9823226928711,62.1285285949707,0,0,0,0,0,0,0,0,0,0,589,273,311,5,46.35,52.8,95,494,"UNIVERSIDAD DE COSTA RICA",240,"INFORMATICA",37,5,159
2024,408,"Flores","FLORES",54.4391746520996,18,"Medio",62.5113716125488,40.7632522583008,52.1104927062988,44.8112144470215,81.2004318237305,39.5956344604492,60.0818290710449,0,0,0,0,0,0,0,0,0,0,585,290,294,1,49.57,50.26,105,480,"UNIVERSIDAD DE COSTA RICA",217,"ADMINISTRACION DE EMPRESAS",37,5,161
2024,409,"San Pablo","SAN PABLO",56.1625709533691,14,"Medio",55.1233406066895,37.7153015136719,53.446174621582,44.7714042663574,81.3530654907227,58.1050071716309,62.6237144470215,0,0,0,0,0,0,0,0,0,0,919,483,432,4,52.56,47.01,171,748,"UNIVERSIDAD NACIONAL",343,"ADMINISTRACION DE EMPRESAS",64,5,202
2024,410,"Sarapiquí","SARAPIQUI",37.8785629272461,74,"Bajo",25.92529296875,27.8954029083252,28.553150177002,45.9885711669922,34.6776008605957,42.6315422058105,59.4783821105957,0,0,0,0,0,0,0,0,0,0,1638,954,668,16,58.24,40.78,405,1233,"UNIVERSIDAD NACIONAL",572,"INGENIERIA EN SISTEMAS DE INFORMACION",131,5,189
2024,501,"Liberia","LIBERIA",51.1711349487305,20,"Medio",52.4160766601562,30.3047332763672,35.8137664794922,67.2401428222656,62.8993988037109,58.3051109313965,51.2187194824219,0,0,0,0,0,0,0,0,0,0,2247,1188,1052,7,52.87,46.82,509,1738,"UNIVERSIDAD DE COSTA RICA",741,"HUMANIDADES",133,5,205
2024,502,"Nicoya","NICOYA",45.634162902832,52,"Medio",41.6538314819336,31.0766792297363,38.4294090270996,61.9299583435059,39.2320938110352,39.4268493652344,67.6903076171875,0,0,0,0,1,0,0,0,0,1,1320,766,551,3,58.03,41.74,316,1004,"UNIVERSIDAD NACIONAL",526,"ADMINISTRACION",117,5,180
2024,503,"Santa Cruz","SANTA CRUZ",47.3688850402832,42,"Medio",49.8285293579102,33.6630935668945,45.1854553222656,61.2122383117676,46.3185615539551,34.6767768859863,60.6975479125977,0,0,0,0,0,0,0,0,0,0,1155,647,505,3,56.02,43.72,274,881,"UNIVERSIDAD DE COSTA RICA",368,"INGENIERIA EN SISTEMAS DE INFORMACION",81,5,169
2024,504,"Bagaces","BAGACES",47.3345184326172,43,"Medio",30.7151184082031,29.3716888427734,40.0733299255371,47.8165397644043,51.6826972961426,60.7832412719727,70.8990249633789,0,0,0,0,0,0,0,0,0,0,705,398,306,1,56.45,43.4,153,552,"UNIVERSIDAD DE COSTA RICA",240,"ADMINISTRACION DE EMPRESAS",26,5,139
2024,505,"Carrillo","CARRILLO",50.0761299133301,25,"Medio",54.5682029724121,30.7782211303711,43.4139633178711,54.4556694030762,58.5124435424805,52.6320419311523,56.17236328125,0,0,0,0,0,0,0,0,0,0,702,394,304,4,56.13,43.3,163,539,"UNIVERSIDAD DE COSTA RICA",258,"ADMINISTRACION",59,5,127
2024,506,"Cañas","CANAS",47.0058517456055,45,"Medio",41.5924491882324,30.4792613983154,40.1028213500977,50.1376609802246,58.5451889038086,48.0742530822754,60.1093406677246,0,0,0,0,0,0,0,0,0,0,938,530,405,3,56.5,43.18,225,713,"UNIVERSIDAD TECNICA NACIONAL",411,"INGENIERIA TECNOLOGIAS DE INFORMACION",71,5,137
2024,507,"Abangares","ABANGARES",47.1742973327637,44,"Medio",56.1940498352051,27.8121643066406,48.6973609924316,36.3089408874512,42.4878273010254,53.4601936340332,65.2595367431641,0,0,0,0,0,0,0,0,0,0,416,252,164,0,60.58,39.42,104,312,"UNIVERSIDAD TECNICA NACIONAL",142,"ADMINISTRACION DE EMPRESAS",24,5,107
2024,508,"Tilarán","TILARAN",46.7056541442871,47,"Medio",29.6103477478027,28.6467323303223,46.8388252258301,39.2956047058105,58.0474243164062,52.2066650390625,72.2939682006836,0,0,0,0,0,0,0,0,0,0,759,457,302,0,60.21,39.79,169,590,"UNIVERSIDAD TECNICA NACIONAL",220,"INGENIERIA TECNOLOGIAS DE INFORMACION",43,5,167
2024,509,"Nandayure","NANDAYURE",49.6835289001465,28,"Medio",47.5785140991211,32.5333976745605,63.5642471313477,37.5935745239258,30.3472938537598,54.3155937194824,81.8520812988281,0,0,0,0,0,0,0,0,0,0,389,216,171,2,55.53,43.96,80,309,"UNIVERSIDAD NACIONAL",117,"INGENIERIA EN SISTEMAS DE INFORMACION",23,5,121
2024,510,"La Cruz","LA CRUZ",38.9574851989746,70,"Bajo",35.4539070129395,25.4864883422852,38.9720115661621,40.6460037231445,47.9063491821289,11.1185445785522,73.1190948486328,0,0,0,0,0,0,0,0,0,0,640,413,217,10,64.53,33.91,136,504,"UNIVERSIDAD ESTATAL A DISTANCIA",264,"ADMINISTRACION DE EMPRESAS",49,5,100
2024,511,"Hojancha","HOJANCHA",46.718376159668,46,"Medio",34.562873840332,31.5686168670654,56.7751426696777,45.1358642578125,36.5604553222656,58.8137016296387,63.6119689941406,0,0,0,0,0,0,0,0,0,0,258,141,117,0,54.65,45.35,49,209,"UNIVERSIDAD NACIONAL",108,"INGENIERIA EN SISTEMAS DE INFORMACION",31,5,91
2024,601,"Puntarenas","PUNTARENAS",46.1441040039062,49,"Medio",42.1153793334961,29.8536224365234,35.556468963623,61.6854782104492,46.6194534301758,38.3314361572266,68.8468933105469,0,0,0,0,0,1,0,0,0,1,2910,1551,1351,8,53.3,46.43,658,2252,"UNIVERSIDAD TECNICA NACIONAL",1107,"INGENIERIA PRODUCCION INDUSTRIAL",135,5,213
2024,602,"Esparza","ESPARZA",51.0802459716797,21,"Medio",50.0920715332031,35.499095916748,49.512882232666,59.9060592651367,51.7923049926758,48.2301368713379,62.529167175293,0,0,0,0,0,0,0,0,0,0,1252,687,564,1,54.87,45.05,285,967,"UNIVERSIDAD TECNICA NACIONAL",459,"INGENIERIA ELECTRICA",68,5,171
2024,603,"Buenos Aires","BUENOS AIRES",32.8618507385254,80,"Bajo",23.3429470062256,25.610294342041,31.7948913574219,34.0478782653809,38.2549514770508,14.1755647659302,62.8064193725586,1,0,0,0,0,0,0,0,1,1,1667,1080,584,3,64.79,35.03,324,1343,"UNIVERSIDAD ESTATAL A DISTANCIA",926,"EDUCACION GENERAL BASICA I Y II CICLOS",178,5,181
2024,604,"Montes de Oro","MONTES DE ORO",42.6324310302734,59,"Medio",38.0946159362793,29.805700302124,48.6265525817871,43.5757522583008,57.2958717346191,27.0992984771729,53.9292335510254,0,0,0,0,0,0,0,0,0,0,487,255,231,1,52.36,47.43,113,374,"UNIVERSIDAD TECNICA NACIONAL",155,"INGENIERIA ELECTRICA",24,5,127
2024,605,"Osa","OSA",45.3524627685547,55,"Medio",46.4921264648438,32.734992980957,50.2726974487305,50.666015625,36.9501304626465,25.1150856018066,75.236198425293,1,1,0,0,0,0,0,0,2,2,523,318,201,4,60.8,38.43,111,412,"UNIVERSIDAD ESTATAL A DISTANCIA",228,"ADMINISTRACION DE EMPRESAS",40,5,117
2024,606,"Quepos","QUEPOS",42.8447761535645,58,"Medio",48.6269493103027,32.1187324523926,47.3491134643555,51.4617614746094,52.8446006774902,20.4762763977051,47.0359954833984,0,0,0,0,0,0,0,0,0,0,371,230,140,1,61.99,37.74,75,296,"UNIVERSIDAD ESTATAL A DISTANCIA",173,"ADMINISTRACION DE EMPRESAS",34,5,121
2024,607,"Golfito","GOLFITO",37.0788269042969,75,"Bajo",20.2227993011475,28.5340614318848,31.1286773681641,47.9614753723145,45.7644004821777,15.4286642074585,70.5117034912109,0,0,0,0,0,0,0,0,0,0,879,503,375,1,57.22,42.66,219,660,"UNIVERSIDAD DE COSTA RICA",329,"ADMINISTRACION",49,5,151
2024,608,"Coto Brus","COTO BRUS",42.5922775268555,60,"Medio",33.2765655517578,27.8721141815186,33.719669342041,46.3420486450195,48.7572364807129,33.8260955810547,74.3522109985352,1,0,0,0,0,0,0,0,1,1,1278,796,477,5,62.28,37.32,266,1012,"UNIVERSIDAD ESTATAL A DISTANCIA",491,"EDUCACION GENERAL BASICA I Y II CICLOS",114,5,186
2024,609,"Parrita","PARRITA",39.8776473999023,67,"Bajo",44.4714241027832,30.0530128479004,41.3822135925293,36.5315093994141,48.4003448486328,26.5144844055176,51.7905540466309,1,0,0,0,0,0,0,0,1,1,251,155,94,2,61.75,37.45,67,184,"UNIVERSIDAD ESTATAL A DISTANCIA",122,"ADMINISTRACION DE EMPRESAS",34,5,98
2024,610,"Corredores","CORREDORES",36.7068634033203,77,"Bajo",31.3038311004639,17.67311668396,28.7666187286377,49.3581886291504,48.4299659729004,26.2372035980225,55.1791305541992,0,0,0,0,0,0,0,0,0,0,1264,730,530,4,57.75,41.93,291,973,"UNIVERSIDAD ESTATAL A DISTANCIA",427,"INGENIERIA EN SISTEMAS DE INFORMACION",89,5,161
2024,611,"Garabito","GARABITO",49.4516258239746,30,"Medio",64.9126663208008,35.7811813354492,45.1880302429199,45.4717102050781,59.3737182617188,52.3438110351562,43.0902557373047,0,0,0,0,0,1,0,0,0,1,236,137,93,6,58.05,39.41,62,174,"UNIVERSIDAD DE COSTA RICA",82,"ADMINISTRACION DE EMPRESAS",22,5,90
2024,701,"Limón","LIMON",40.1912689208984,66,"Medio",42.0708274841309,30.2391471862793,37.364315032959,55.7355041503906,53.8919944763184,22.7539443969727,39.2831573486328,0,0,0,0,0,2,1,0,0,3,1928,1060,863,5,54.98,44.76,469,1459,"UNIVERSIDAD DE COSTA RICA",779,"ADMINISTRACION DE EMPRESAS",201,5,189
2024,702,"Pococí","POCOCI",45.9313354492188,50,"Medio",36.5769538879395,31.1844310760498,34.2172660827637,61.7914848327637,48.640209197998,42.985710144043,66.123291015625,0,0,0,0,0,1,0,0,0,1,3562,2026,1523,13,56.88,42.76,809,2753,"UNIVERSIDAD ESTATAL A DISTANCIA",1357,"ADMINISTRACION DE EMPRESAS",262,5,240
2024,703,"Siquirres","SIQUIRRES",39.6864624023438,68,"Bajo",41.6461524963379,29.7112216949463,27.9975166320801,48.1842155456543,45.2369346618652,23.6530780792236,61.3761253356934,0,0,0,0,0,0,0,0,0,0,1129,679,448,2,60.14,39.68,269,860,"UNIVERSIDAD DE COSTA RICA",490,"INFORMATICA EMPRESARIAL",101,5,168
2024,704,"Talamanca","TALAMANCA",30.3142890930176,82,"Bajo",27.5066375732422,27.6830272674561,35.0207366943359,39.3686218261719,19.2321147918701,6.66848945617676,56.720401763916,0,0,0,0,0,0,0,0,0,0,990,612,370,8,61.82,37.37,251,739,"UNIVERSIDAD ESTATAL A DISTANCIA",594,"EDUCACION GENERAL BASICA I Y II CICLOS",109,5,135
2024,705,"Matina","MATINA",34.3975486755371,78,"Bajo",33.8454055786133,33.1884765625,36.7426147460938,37.41455078125,36.9599151611328,19.9603290557861,42.6715545654297,1,0,0,0,0,3,0,0,1,4,687,423,260,4,61.57,37.85,161,526,"UNIVERSIDAD DE COSTA RICA",298,"EDUCACION GENERAL BASICA I Y II CICLOS",56,5,129
2024,706,"Guácimo","GUACIMO",43.2936515808105,57,"Medio",36.0745582580566,36.7418098449707,34.0355110168457,51.2153396606445,49.7588958740234,32.2740440368652,62.9554023742676,1,0,0,0,0,0,0,0,1,1,959,592,361,6,61.73,37.64,233,726,"UNIVERSIDAD ESTATAL A DISTANCIA",365,"ADMINISTRACION DE EMPRESAS",74,5,159
